CRIM,ZN,INDUS,CHAS,NOX,RM,AGE,DIS,RAD,TAX,PTRATIO,B,LSTAT,House_Price
5.62185,75.0,15.28,0,0.75,8.521,15.3,9.5944,15,610,14.2,190.63,33.33,13.56
14.26101,0.0,7.66,0,0.777,8.207,17.6,3.1875,14,205,19.5,249.18,2.79,24.03
10.98152,25.0,3.72,0,0.866,5.939,16.4,4.6905,11,204,13.4,346.8,31.66,5.81
8.98229,25.0,25.02,0,0.586,6.797,65.1,5.8098,12,557,18.3,390.59,6.4,15.97
2.34534,40.0,25.1,0,0.566,5.008,20.6,6.7137,13,361,14.9,305.0,13.87,7.78
2.34498,75.0,18.02,0,0.762,4.542,36.5,3.7965,8,380,16.3,166.0,28.67,5.0
0.87691,75.0,10.23,0,0.551,5.981,90.0,2.3932,18,688,15.3,167.42,7.56,12.27
12.99345,25.0,10.5,0,0.837,5.404,48.9,7.8468,1,299,15.9,292.83,31.37,5.0
9.01912,75.0,20.48,0,0.802,6.607,67.7,4.3049,15,300,19.4,95.01,31.89,5.0
10.62284,18.0,25.01,0,0.593,3.966,19.6,7.5236,8,408,15.4,44.13,20.12,5.0
0.31464,50.0,24.75,0,0.75,8.646,21.6,2.828,11,450,17.9,140.96,1.96,29.55
14.54883,12.5,21.91,0,0.752,8.708,6.9,6.4225,12,241,17.1,114.23,12.13,24.5
12.48764,90.0,18.26,0,0.435,7.204,19.3,6.9885,12,644,18.8,117.83,24.09,10.27
3.18981,40.0,3.48,0,0.824,6.358,30.0,1.7001,4,348,21.4,92.96,37.29,5.0
2.73228,50.0,5.53,0,0.631,5.176,20.1,4.8326,16,566,19.5,17.01,24.63,5.0
2.75597,25.0,25.05,0,0.787,7.808,11.5,2.6086,4,273,14.6,7.41,11.15,18.16
4.56781,75.0,17.31,0,0.541,7.134,14.6,1.8271,5,241,12.9,392.03,24.71,15.41
7.8742,90.0,1.49,1,0.82,4.409,47.6,12.0196,24,662,15.1,169.97,21.3,5.72
6.48258,75.0,3.94,0,0.574,8.315,22.9,4.6759,5,364,18.2,152.74,29.99,13.41
4.37269,0.0,18.83,0,0.39,7.854,38.3,10.0386,8,577,13.1,269.85,5.61,22.91
9.18012,0.0,1.38,0,0.825,8.518,51.8,3.931,10,535,17.3,86.88,29.31,14.29
2.09757,90.0,5.51,0,0.429,7.348,69.9,8.6265,17,194,18.2,377.06,21.35,8.43
4.38642,90.0,15.79,0,0.54,6.762,6.7,9.4925,9,499,15.7,312.17,36.63,5.03
5.49923,25.0,19.58,0,0.847,5.743,80.5,7.682,22,629,19.8,35.78,14.12,7.84
6.84431,90.0,18.52,0,0.847,8.429,63.9,6.3173,19,514,13.6,165.92,24.66,13.06
11.77893,18.0,7.19,1,0.664,8.081,10.8,5.6603,14,240,13.3,348.96,35.51,11.86
2.99991,75.0,20.12,0,0.692,3.796,87.7,4.9676,8,425,19.4,374.98,5.44,9.77
7.71643,50.0,7.53,0,0.603,3.698,92.3,11.3548,9,415,17.3,185.68,35.7,5.0
8.88866,80.0,9.87,0,0.528,5.525,8.8,10.2668,22,237,19.1,243.59,26.66,5.0
0.70248,90.0,21.02,0,0.545,7.791,29.8,11.7453,11,450,16.7,66.56,4.19,24.73
9.11553,40.0,18.46,0,0.712,8.714,81.2,2.4973,23,604,14.9,393.4,12.64,24.37
2.56284,0.0,23.75,0,0.751,4.345,75.6,9.1695,1,282,20.3,92.2,27.39,5.0
0.98138,18.0,18.67,0,0.77,6.661,20.8,11.4517,14,274,20.1,374.19,4.17,19.4
14.23359,80.0,16.3,0,0.769,5.548,23.2,3.1236,5,264,19.1,257.96,22.83,5.0
14.48469,50.0,3.73,0,0.429,8.623,38.9,1.8615,21,474,15.2,241.34,14.26,23.11
12.12711,80.0,10.99,0,0.625,7.956,49.9,9.2823,14,306,18.1,203.64,24.23,14.99
4.57338,90.0,8.28,1,0.413,7.936,62.9,7.4492,4,677,16.0,91.8,3.39,27.17
1.4705,25.0,7.71,0,0.652,6.007,38.7,10.3901,22,638,13.5,70.33,33.31,5.0
10.26539,0.0,27.03,0,0.6,5.725,47.8,2.6675,23,686,21.2,87.76,37.01,5.0
6.60565,0.0,11.66,0,0.816,4.987,75.5,9.8779,1,351,13.9,74.26,36.84,5.0
1.83584,25.0,24.88,0,0.556,3.854,6.5,3.3479,22,368,21.5,309.49,28.9,5.0
7.43068,75.0,17.97,0,0.442,8.074,27.4,2.9302,23,655,16.8,139.17,6.44,23.96
0.52162,12.5,22.3,0,0.454,7.803,72.2,2.9369,19,193,14.3,23.26,29.21,15.63
13.64035,18.0,14.56,0,0.755,8.779,89.8,10.0903,8,516,17.7,384.65,2.62,24.13
3.88615,0.0,16.53,0,0.685,8.762,52.6,8.4472,15,337,20.8,350.81,2.53,30.85
9.93986,40.0,14.3,0,0.434,6.459,54.6,6.8837,21,271,19.5,368.25,13.46,13.79
4.6798,0.0,6.42,0,0.426,7.574,13.3,5.0771,15,333,20.2,394.88,19.44,14.84
7.8039,80.0,20.39,0,0.726,8.492,46.3,10.7792,9,567,18.8,69.28,29.65,12.8
8.20337,0.0,8.69,0,0.42,7.995,54.6,5.4469,21,471,19.1,157.46,26.49,12.68
2.77771,0.0,1.89,0,0.784,4.851,26.4,10.1126,9,268,20.6,301.02,17.89,6.93
14.54395,12.5,18.35,0,0.728,5.912,29.0,5.9605,10,700,14.9,276.35,11.65,13.66
11.62834,12.5,5.94,0,0.425,4.234,39.5,5.2764,20,709,17.2,61.35,37.87,5.0
14.09285,50.0,26.16,0,0.426,8.54,4.8,6.2195,21,572,14.7,323.86,17.17,20.93
13.42304,75.0,26.52,0,0.865,6.724,34.2,4.4452,9,657,21.9,89.33,18.09,17.17
8.97091,40.0,25.48,0,0.567,4.754,23.4,9.3537,3,305,21.5,89.08,7.66,14.14
13.82858,0.0,11.06,0,0.565,7.066,34.7,6.6599,20,582,13.0,213.27,30.53,9.33
1.33286,0.0,1.66,0,0.78,6.787,14.5,3.6843,11,447,19.2,235.47,26.87,9.79
2.94457,18.0,25.84,0,0.845,5.43,89.4,11.0253,6,442,21.3,230.37,9.73,10.19
0.68414,12.5,12.59,0,0.864,4.153,60.5,5.3528,2,412,14.3,36.6,4.72,9.58
4.884,40.0,26.86,0,0.751,7.066,68.8,7.1091,7,239,17.9,348.3,26.39,7.04
5.83383,50.0,26.78,0,0.568,6.276,79.5,11.1012,18,686,21.2,105.65,25.45,5.94
4.07461,75.0,23.85,0,0.426,7.592,51.3,7.9966,2,692,12.9,51.68,11.63,15.06
12.43209,25.0,9.05,0,0.763,6.275,11.3,2.4159,17,550,19.2,352.78,36.19,5.0
5.35516,75.0,11.45,0,0.656,8.008,55.1,11.4682,11,466,15.4,379.31,7.2,23.4
4.21833,80.0,23.8,0,0.591,6.441,59.9,8.0348,12,344,21.3,342.22,17.4,10.31
8.14319,0.0,9.65,0,0.825,6.488,75.3,4.814,19,245,21.7,321.36,35.93,5.93
2.11902,50.0,5.74,0,0.439,8.136,44.8,2.662,22,314,21.5,260.18,16.94,15.95
12.03414,80.0,16.0,0,0.624,5.666,15.3,9.8643,24,301,17.1,218.78,24.87,5.0
1.12381,40.0,26.05,0,0.391,4.26,30.5,7.9508,7,395,20.7,34.82,16.14,5.26
14.80338,25.0,19.69,0,0.613,3.71,38.2,6.9981,20,707,20.5,162.3,11.67,6.24
11.58504,12.5,16.35,1,0.412,7.502,65.6,10.9628,6,423,15.6,148.12,37.39,11.7
2.98554,50.0,3.82,0,0.443,6.798,58.3,9.8046,21,467,20.4,103.33,16.56,12.29
0.0888,50.0,17.54,0,0.442,7.235,37.5,2.7984,24,545,12.9,287.21,34.13,10.13
12.23303,0.0,27.48,0,0.701,4.672,98.7,4.5589,1,387,18.2,196.97,10.06,6.41
10.60462,90.0,4.96,0,0.748,4.272,61.7,3.8634,17,464,14.8,32.46,9.45,5.99
10.93673,50.0,14.98,0,0.669,3.636,25.9,9.3134,11,421,13.7,87.64,2.86,9.99
11.57043,18.0,24.49,1,0.853,5.39,12.8,1.4989,22,680,13.3,271.29,25.35,8.05
1.11623,25.0,20.87,0,0.567,6.639,17.7,7.3988,18,190,19.1,30.51,15.09,11.06
5.38084,25.0,19.71,1,0.524,5.608,26.8,9.517,21,628,15.8,337.89,33.05,7.23
1.74334,18.0,19.86,0,0.807,5.844,18.5,10.7744,17,215,19.4,196.69,18.88,12.6
12.94737,18.0,10.77,0,0.494,8.28,21.0,4.8929,7,295,13.2,190.91,36.82,9.27
9.35173,18.0,9.03,0,0.853,5.378,30.6,10.1638,17,261,15.6,235.26,8.45,12.77
4.96748,25.0,22.69,0,0.391,6.243,19.7,2.3469,20,332,17.7,327.37,33.21,5.94
0.95899,75.0,22.71,0,0.856,7.651,90.0,10.441,9,314,20.0,138.25,29.87,9.9
4.66887,25.0,24.22,0,0.406,5.63,10.7,2.5324,17,228,15.6,269.21,29.67,5.0
4.8818,90.0,25.44,0,0.818,6.807,53.8,5.5002,20,542,18.5,224.68,32.34,5.0
10.94572,0.0,14.8,0,0.641,8.062,42.7,9.9002,22,227,20.9,106.22,29.31,12.42
9.56554,80.0,14.54,0,0.868,8.516,98.3,2.7791,22,220,18.4,348.77,24.42,17.17
13.30887,75.0,22.4,0,0.421,4.328,13.8,3.6518,8,203,14.8,316.56,6.49,10.74
7.08639,12.5,18.47,0,0.654,8.397,41.5,9.0748,17,339,12.8,261.45,2.91,24.94
1.7992,80.0,19.85,0,0.856,6.129,97.0,9.0504,7,564,20.8,337.64,35.1,5.0
10.70039,0.0,22.33,0,0.639,4.908,86.9,8.1826,1,528,12.8,344.27,24.08,5.0
11.41321,90.0,24.83,0,0.691,5.957,82.2,8.7634,13,213,20.8,281.24,30.6,5.19
8.42179,90.0,10.2,0,0.723,8.676,27.9,7.1,23,473,17.6,332.26,19.18,15.98
11.56588,12.5,11.2,0,0.606,6.131,19.5,3.8998,19,354,21.4,276.92,5.98,15.55
7.40997,75.0,3.74,0,0.69,5.276,67.8,4.9327,24,454,20.1,270.05,6.27,9.09
7.84386,18.0,16.57,0,0.669,6.866,93.1,3.1276,19,641,22.0,245.65,26.57,5.0
6.41655,75.0,2.2,0,0.823,4.814,57.0,11.123,17,587,15.9,298.83,17.32,7.62
0.38713,90.0,13.58,0,0.407,3.956,58.4,7.5473,13,662,19.8,63.22,9.0,5.0
1.62372,25.0,15.62,0,0.522,4.233,30.1,5.5394,16,316,16.4,349.66,19.55,5.0
