bedrooms,bathrooms,sqft_living,sqft_lot,floors,waterfront,view,condition,sqft_above,sqft_basement,yr_built,yr_renovated,price
3,3.5,3413,37768,1.5,0,0,3,2850,563,1930,0,1079000
5,2.25,2023,31682,1.0,0,4,3,1343,680,1996,0,1190000
4,3.0,3051,33262,1.0,0,1,4,2440,611,1928,0,1289000
3,4.0,2497,32358,2.0,0,1,3,1966,531,1904,0,1091000
2,4.0,3226,15289,1.0,0,0,3,2725,501,1976,0,1182000
2,2.0,3842,8927,2.0,0,0,3,2516,1326,1900,0,1238000
2,4.0,1727,49330,1.0,0,3,5,1621,106,1986,0,1033000
4,3.5,1214,2171,1.5,0,0,3,836,378,2003,0,679000
3,2.5,561,12918,1.0,0,2,2,483,78,1902,0,371000
4,1.0,1706,42903,1.0,0,0,4,950,756,1966,1973,849000
1,3.5,853,40110,1.0,0,0,3,612,241,1970,0,530000
5,2.5,3914,12929,1.5,0,0,5,2772,1142,1999,0,1321000
4,3.0,3572,3539,2.0,0,0,2,2838,734,1934,0,1163000
3,4.0,3921,37727,1.5,0,4,3,2284,1637,1914,0,1406000
2,3.0,2313,46951,2.0,0,0,3,2094,219,2003,0,1061000
2,4.0,3380,23669,2.0,0,0,3,2190,1190,1966,2011,1243000
3,1.0,592,6432,1.0,0,0,4,505,87,1992,2017,461000
3,1.5,1493,21644,1.5,0,0,3,1360,133,1929,0,669000
3,1.0,2940,19745,2.5,0,0,4,2360,580,2002,2005,1014000
3,2.25,1899,29228,2.0,0,3,3,1677,222,1981,0,883000
4,3.5,4435,35521,2.0,0,0,3,3760,675,1974,0,1456000
2,2.0,3095,32703,1.0,0,0,3,2197,898,1942,0,1003000
3,1.5,2961,27928,2.0,0,0,5,2706,255,2012,0,1130000
3,1.0,1440,19322,2.0,0,4,3,982,458,1959,1961,893000
3,2.5,3024,23360,2.0,0,0,3,2440,584,2001,0,987000
4,1.5,1554,30055,3.0,0,0,3,1375,179,1939,0,760000
2,3.5,570,43891,1.0,0,1,3,410,160,1964,0,503000
3,4.0,956,17376,1.0,0,1,3,656,300,1928,1990,390000
3,1.5,3216,7588,2.0,0,0,5,2433,783,1973,0,1360000
2,4.0,1564,26000,2.0,0,0,3,1435,129,1991,0,695000
3,3.5,885,7304,1.0,0,2,4,857,28,2020,0,641000
2,1.0,2388,8345,1.0,0,0,2,1899,489,1994,1977,716000
2,3.5,3738,30300,1.0,0,2,4,3168,570,1918,1972,1262000
5,1.5,1697,25259,1.0,0,1,5,1623,74,1902,1997,894000
5,2.5,2996,26470,2.0,0,0,3,1780,1216,1935,0,1259000
4,3.0,3390,24017,2.0,0,0,5,2218,1172,1942,0,1231000
3,1.5,2377,16352,1.0,0,0,3,2065,312,1914,0,796000
2,3.5,1264,34365,1.5,0,2,5,1163,101,1996,0,930000
4,3.0,600,20446,1.0,1,0,4,561,39,1940,0,861000
3,3.5,4404,3336,1.0,0,0,3,3244,1160,2006,0,1384000
2,2.5,873,10879,2.0,0,1,3,515,358,2014,0,504000
3,3.5,1338,33316,3.0,0,4,3,999,339,2008,1970,1162000
2,1.0,690,34340,2.0,0,0,2,451,239,1989,0,558000
5,2.0,1019,8521,1.0,0,3,2,693,326,1979,0,742000
3,4.0,1336,7171,2.5,0,0,2,1199,137,1935,0,622000
4,4.0,2375,24481,2.0,0,0,3,1386,989,1996,0,1036000
3,1.5,1907,19474,2.0,0,0,4,1759,148,1983,1970,850000
3,2.0,2466,47760,1.5,0,0,2,1830,636,1976,1967,887000
3,3.5,1513,45629,1.5,0,0,2,1237,276,1932,0,850000
2,2.5,3605,46232,1.0,0,0,3,2128,1477,1904,2009,1190000
5,1.5,922,22008,1.0,0,3,3,647,275,2000,1986,1000000
4,3.5,4185,2633,1.0,0,2,2,2470,1715,1977,1970,1508000
5,3.0,3091,13485,1.0,0,2,3,3037,54,1990,0,1045000
5,2.25,4160,44617,2.0,0,0,5,3799,361,1986,2009,1471000
3,3.5,2242,4648,2.0,0,0,4,1696,546,1913,0,680000
5,2.0,3348,48945,2.0,0,0,3,2178,1170,2003,0,1204000
2,1.5,1729,14140,1.0,0,1,4,1677,52,1967,0,590000
2,2.0,2888,18921,2.5,0,3,3,2036,852,2002,1979,1213000
2,1.5,2221,15357,2.5,0,0,4,1382,839,2015,0,833000
3,3.5,3765,47136,2.0,0,0,4,3024,741,1982,0,1431000
3,1.0,655,4137,3.0,0,0,3,638,17,1946,0,437000
3,3.0,1993,1097,2.0,0,0,3,1099,894,1953,0,767000
4,3.5,3267,12407,2.5,0,0,2,2146,1121,1903,0,1291000
3,4.0,2231,31575,1.0,0,1,3,2169,62,1993,1959,1073000
3,2.0,551,13722,1.5,0,1,4,400,151,1982,0,529000
3,2.25,3186,13924,1.0,0,0,3,1914,1272,1994,0,1010000
2,2.25,3241,4750,1.0,0,0,4,2614,627,1994,1997,999000
4,2.5,2687,28733,1.0,0,4,5,2519,168,1908,0,1286000
2,1.5,3966,9535,2.0,0,0,3,3032,934,1952,0,1232000
6,2.0,899,25487,2.0,0,0,4,896,3,1976,2013,924000
4,2.5,4080,31651,2.0,0,0,4,3490,590,1977,1963,1504000
2,2.0,1836,5666,1.0,0,0,5,1071,765,2018,1999,776000
1,4.0,3972,49777,2.0,0,0,5,3959,13,1959,0,1396000
4,1.5,3729,17994,2.0,0,2,4,2735,994,1945,2018,1379000
4,3.5,4207,2727,1.5,0,0,3,2857,1350,1953,1956,1476000
4,3.5,1612,35622,2.0,0,0,4,1291,321,1973,1965,1046000
4,2.25,3506,11800,1.0,0,1,2,2408,1098,2011,0,1216000
2,3.5,2756,38823,1.0,0,0,4,1623,1133,1994,0,1210000
3,3.5,4204,44039,2.5,0,3,5,2314,1890,1936,0,1696000
2,4.0,3556,19708,1.0,0,3,3,2675,881,1922,1997,1326000
4,1.0,2909,13819,1.5,0,0,3,2695,214,1926,0,1044000
4,2.25,3862,10369,2.5,0,2,3,3118,744,1969,0,1399000
3,2.5,994,10283,2.0,0,0,3,993,1,1989,0,593000
2,3.0,2895,31573,1.0,0,4,3,1965,930,1965,0,1359000
3,1.0,1501,14171,1.0,0,0,4,1014,487,2008,0,734000
3,2.5,585,31933,1.0,0,4,5,400,185,1960,0,665000
4,1.5,1657,6774,2.0,0,2,5,1033,624,1976,1959,837000
4,1.0,2025,7519,1.5,0,0,3,1373,652,1950,0,701000
4,4.0,2348,11983,1.0,0,0,4,2129,219,1949,0,1014000
3,2.5,2395,31932,2.5,0,4,4,2293,102,1918,0,1100000
2,1.5,1958,31798,2.0,0,3,3,1936,22,1900,0,893000
4,2.25,1745,19133,1.0,0,0,2,1142,603,1939,0,828000
4,3.0,1949,15939,2.0,0,1,3,1844,105,1931,1991,1112000
3,1.5,2258,1781,2.0,0,0,5,1575,683,1921,1962,850000
4,3.5,1935,28624,1.0,0,0,3,1162,773,2011,0,806000
3,2.0,3156,7823,1.0,0,0,4,2971,185,1992,0,1226000
3,1.5,3488,19489,2.0,0,0,3,2916,572,1965,1970,1067000
3,1.5,2738,40961,1.5,0,2,4,1708,1030,1939,2006,1030000
1,3.0,3484,30118,2.0,0,0,1,2590,894,1937,0,1208000
2,2.0,3739,35881,1.5,0,2,3,2539,1200,1947,0,1369000
2,3.5,1850,17280,1.0,0,0,3,1630,220,1954,0,789000
4,2.5,3323,23263,1.0,0,0,2,2505,818,1974,0,1150000
3,2.5,1793,14565,1.5,0,0,4,1784,9,1980,0,772000
3,1.5,3647,21354,1.0,0,0,3,2095,1552,1954,0,1101000
5,4.0,1070,43951,1.0,0,0,4,759,311,1950,0,780000
3,4.0,2356,26643,2.0,0,0,3,1806,550,2006,0,998000
3,2.0,559,24648,3.0,0,1,3,434,125,1959,0,437000
4,2.0,1533,42971,2.0,0,0,2,1061,472,1907,0,678000
3,3.5,2975,19658,2.0,0,0,1,2612,363,1985,0,874000
2,3.0,2206,22253,1.0,0,0,5,2081,125,1967,0,887000
3,2.25,2210,49563,2.5,0,3,3,2149,61,1974,2015,1152000
2,2.5,3279,27390,1.0,0,3,4,2991,288,1971,1961,1442000
5,3.0,3181,24128,2.5,0,0,5,2967,214,1908,1971,1312000
4,1.0,2749,14489,3.0,1,0,3,2193,556,1989,1966,1376000
4,2.5,1269,39314,2.0,0,0,3,1169,100,1901,1956,743000
4,3.0,1622,33658,3.0,0,4,4,1113,509,1979,0,1108000
4,2.5,3775,7852,2.0,0,0,5,2753,1022,1994,0,1337000
2,2.25,1408,30450,1.0,0,0,5,975,433,1969,0,745000
5,1.0,1866,3551,1.5,0,0,3,1418,448,2016,1960,912000
3,4.0,2153,7411,2.0,0,0,4,1460,693,1984,0,893000
4,4.0,599,34243,1.0,0,0,2,588,11,1989,0,565000
5,2.25,3261,22800,2.0,0,2,5,2252,1009,1958,0,1289000
3,3.5,3128,11403,3.0,0,0,5,1858,1270,1918,0,1048000
2,1.0,4233,8239,1.0,0,1,3,3331,902,1927,1973,1183000
3,1.5,3681,7710,2.0,0,0,3,2119,1562,1971,2002,1366000
3,3.0,3788,22384,2.5,0,0,2,2271,1517,1913,0,1223000
4,1.0,3823,22038,2.5,0,3,3,2480,1343,1923,2012,1406000
4,3.5,3454,41846,2.5,1,0,4,2621,833,2011,0,1665000
1,3.5,695,23447,2.0,0,2,3,517,178,1943,0,590000
3,2.25,1464,3285,3.0,0,0,2,1332,132,2000,0,780000
3,2.5,4297,38991,2.0,0,0,3,3793,504,1955,1976,1510000
3,1.0,3590,14521,1.0,0,4,5,2663,927,1989,0,1438000
2,3.0,2012,48657,2.0,0,0,3,1408,604,1994,0,845000
3,1.0,2839,7971,2.0,0,3,3,1965,874,2019,0,1120000
5,2.0,1130,30139,1.0,0,0,3,1015,115,1950,2015,703000
3,2.5,3284,20909,2.0,0,3,5,1883,1401,1931,1954,1342000
3,3.0,2134,12531,2.0,0,0,4,1186,948,1949,1952,1026000
4,4.0,1032,15721,1.0,0,0,3,937,95,1940,2019,739000
3,3.0,3729,20206,2.0,0,2,2,2851,878,1965,0,1449000
5,1.5,1799,38711,2.0,0,3,2,1095,704,1924,1999,1000000
5,2.25,1222,7530,2.0,0,3,2,801,421,2015,0,782000
3,1.5,1180,12116,1.0,0,2,3,1144,36,2007,0,737000
3,3.0,3258,1258,1.0,0,3,5,3052,206,1960,1996,1305000
3,2.5,1211,1282,1.5,0,0,3,1052,159,1965,0,620000
3,1.0,4053,14937,2.5,0,0,4,3108,945,1941,0,1273000
2,4.0,3402,2898,1.0,0,0,3,2667,735,1964,0,1050000
3,1.0,4276,5135,2.0,0,0,4,4228,48,1935,0,1289000
3,2.5,3016,7629,1.0,0,0,4,2969,47,2020,0,1158000
2,3.0,1537,44936,1.0,0,0,3,994,543,1975,0,836000
3,3.5,4076,20584,2.0,0,0,3,3729,347,1908,0,1257000
5,1.0,3781,24551,2.0,0,1,3,2415,1366,1935,0,1340000
3,3.5,2096,34380,1.0,0,0,2,1354,742,2004,0,1031000
2,1.0,1199,47971,1.5,0,0,3,1024,175,1991,0,595000
3,1.0,1518,18071,1.0,0,0,3,1111,407,1937,0,577000
6,4.0,3187,21074,2.0,0,2,5,3088,99,1932,0,1464000
3,2.25,1650,26188,2.0,0,2,3,973,677,1941,0,883000
4,2.25,3106,3307,1.0,0,1,4,2423,683,1960,1958,1105000
4,2.0,990,40901,1.0,0,0,3,953,37,1945,0,529000
3,1.5,3875,12205,1.5,0,0,4,3707,168,1985,0,1257000
4,2.5,1470,6906,2.5,0,0,3,912,558,1988,0,710000
3,2.5,1319,3591,3.0,0,0,4,943,376,1960,0,526000
4,2.5,1893,16149,1.0,0,0,3,1568,325,1917,0,731000
4,2.0,2376,45918,2.0,0,0,3,1477,899,1969,0,1065000
3,2.25,812,40951,1.5,0,0,3,800,12,1981,1965,641000
2,3.0,4218,26150,1.5,0,4,3,4056,162,2015,0,1665000
4,3.5,4279,32852,2.0,0,4,2,2674,1605,1979,0,1452000
3,4.0,4456,43870,2.5,0,0,2,2693,1763,1914,0,1565000
2,3.5,2127,2283,2.5,0,0,1,1251,876,1947,0,723000
2,3.0,3995,34691,2.0,0,0,4,3832,163,1971,0,1280000
3,4.0,3234,2125,1.5,0,0,3,2060,1174,1912,0,936000
4,2.0,3788,2529,2.0,1,3,3,2792,996,2018,0,1789000
1,3.0,4374,27170,1.0,0,0,4,3289,1085,1942,0,1152000
3,2.5,3056,9438,2.0,0,2,3,2504,552,1959,1971,1252000
3,1.5,1548,21095,1.5,0,0,3,901,647,1956,0,555000
4,1.0,3901,17154,2.0,0,4,3,2543,1358,1970,0,1328000
2,3.5,1249,9004,1.0,0,0,5,1210,39,1916,0,505000
4,2.25,2899,10752,1.0,0,2,4,2779,120,1949,1976,1123000
3,2.25,4152,44360,2.5,0,0,4,3743,409,1931,0,1466000
5,2.0,2153,27819,1.0,0,1,3,1202,951,1921,0,1084000
2,4.0,1791,37632,2.0,0,0,4,1248,543,1954,0,788000
3,2.25,1675,27515,1.0,0,0,2,1394,281,2014,0,757000
2,2.5,3151,25217,1.0,0,3,1,2123,1028,1956,0,1171000
5,3.5,2885,24172,1.0,0,3,1,2767,118,1912,0,1172000
4,3.0,1740,33994,1.0,0,3,3,1453,287,1946,0,1007000
3,2.5,3218,16036,2.0,0,1,3,1874,1344,1986,0,1160000
4,2.0,1555,12739,1.0,0,2,3,1491,64,1961,0,787000
4,2.5,585,33220,2.5,0,0,1,573,12,1953,0,419000
3,3.0,1293,10587,2.0,0,0,3,756,537,1928,1981,696000
3,1.5,2314,45517,1.5,0,0,4,1827,487,1921,1997,1050000
3,2.0,902,31129,2.0,0,1,3,619,283,1964,0,568000
2,1.5,4297,1645,2.0,0,0,4,3122,1175,1928,0,1066000
5,1.0,2472,31930,2.0,0,0,3,1559,913,1947,0,974000
5,1.5,622,17299,1.0,0,1,4,503,119,1904,0,701000
4,1.0,3245,31090,1.5,0,2,3,3183,62,1934,0,1306000
3,1.0,1926,22953,2.5,0,0,3,1495,431,2018,0,772000
3,1.5,2464,47443,2.5,0,0,3,1447,1017,1973,0,1029000
4,2.0,1643,27475,2.5,0,0,3,1362,281,1982,0,870000
5,4.0,3022,19888,1.5,0,0,4,2124,898,2000,0,1364000
4,3.0,3596,44732,2.0,0,0,3,3362,234,1970,0,1191000
4,2.5,1257,17087,2.0,0,1,3,937,320,1945,0,637000
4,2.5,2354,47305,2.0,0,1,4,1498,856,1934,0,899000
2,3.0,3158,47037,1.0,0,1,4,2008,1150,1944,1988,1161000
2,3.5,3425,10346,2.0,0,0,3,3068,357,1912,2014,1222000
5,3.5,4263,1587,1.0,0,2,3,2854,1409,1909,0,1410000
3,1.0,1505,13763,1.0,0,0,3,1347,158,1965,0,526000
1,1.0,3114,42945,2.0,0,0,3,2001,1113,1969,0,1031000
2,2.0,3025,5079,1.0,0,2,3,2101,924,1971,0,1066000
4,2.25,4160,37116,1.0,0,0,5,3159,1001,1999,0,1370000
1,1.5,709,21215,1.0,0,0,3,690,19,1924,0,326000
2,1.0,2746,26817,2.5,0,3,3,2661,85,1943,0,1070000
3,2.5,3373,25765,2.0,0,0,3,2169,1204,1959,0,1219000
4,2.0,3851,31112,1.5,0,1,5,2738,1113,1946,1976,1375000
4,1.5,2285,26556,2.0,0,0,4,1410,875,1939,0,863000
3,2.0,2135,19099,2.0,0,1,3,1664,471,1906,0,1010000
4,1.5,616,44553,1.0,0,0,4,466,150,1945,0,555000
3,1.5,3611,46096,2.0,0,0,3,3449,162,1922,0,1227000
3,3.0,4433,7450,2.0,0,1,3,4293,140,1982,0,1485000
4,1.0,2978,14230,2.0,0,0,3,2151,827,1945,0,875000
4,4.0,607,30009,1.0,0,0,3,468,139,1985,0,619000
4,2.0,3880,6433,2.0,0,0,3,3698,182,1912,0,1081000
4,4.0,891,34866,2.0,0,0,5,813,78,1920,0,703000
3,2.0,4459,40864,1.0,0,0,3,2459,2000,1900,1980,1536000
2,3.0,1703,19710,1.5,0,0,5,1181,522,1918,0,648000
3,2.5,3324,12439,1.0,0,3,3,2459,865,1959,1998,1137000
3,4.0,1745,42855,1.0,0,0,3,1140,605,1932,0,993000
3,2.5,3367,17021,2.0,0,0,3,2154,1213,1903,2002,1046000
5,3.5,3211,7416,1.0,0,0,2,1820,1391,2005,0,1058000
3,1.0,1782,7980,1.5,0,0,3,1496,286,1902,0,789000
5,1.0,4424,19058,2.0,0,3,2,2955,1469,1990,0,1460000
4,2.25,2951,12101,1.0,0,0,3,1692,1259,1951,1998,1229000
4,3.0,2044,41718,3.0,0,4,3,1336,708,2004,0,1203000
3,2.5,2371,33602,1.0,0,0,4,2159,212,1998,0,1086000
3,1.5,665,10122,1.0,0,2,3,620,45,1927,0,529000
3,2.0,3885,13576,1.0,0,0,3,2981,904,1969,1962,1359000
2,1.0,1211,28516,1.0,0,3,3,892,319,1969,0,622000
4,4.0,4433,23433,1.0,0,1,5,4388,45,1954,1951,1549000
3,2.0,2015,2089,2.0,0,0,4,1290,725,1956,0,610000
1,2.0,4169,38346,2.5,1,0,3,2696,1473,2007,0,1741000
4,2.25,3050,10127,1.0,0,0,3,2078,972,1986,0,1117000
2,2.5,2418,11487,2.0,0,3,2,1517,901,1996,0,909000
5,1.0,4098,1155,2.0,0,0,5,2953,1145,1915,0,1171000
5,2.0,2884,2958,2.0,0,0,4,2768,116,1923,0,1082000
5,1.0,3924,11693,1.5,0,2,3,3244,680,1968,2020,1572000
3,1.5,1566,40112,1.0,0,0,3,1151,415,1940,0,703000
1,2.25,860,39547,1.0,0,4,2,834,26,2005,0,631000
5,1.5,757,29795,2.0,0,2,5,432,325,1976,0,691000
3,1.0,3215,22447,2.0,0,1,3,2072,1143,1946,0,1208000
5,3.5,3043,37598,1.0,0,3,3,2448,595,1975,0,1292000
5,4.0,3267,42814,1.5,1,0,3,2701,566,1968,0,1625000
4,1.0,1182,26215,2.5,0,0,4,671,511,2000,0,801000
3,2.5,2652,10794,2.0,0,0,4,1939,713,1930,1977,1059000
3,2.0,3509,34209,3.0,0,0,4,2954,555,1991,0,1227000
4,2.0,3633,23424,2.0,0,2,3,3139,494,1991,1969,1343000
3,1.5,1206,48246,1.5,0,3,4,1009,197,1929,0,935000
2,4.0,1973,38396,2.0,0,0,2,1369,604,1917,0,719000
3,2.25,2481,7370,2.0,0,0,3,1468,1013,1943,0,868000
5,3.5,4269,10528,1.0,0,4,3,3168,1101,1926,0,1455000
4,3.0,3577,29276,2.0,0,0,5,2174,1403,1998,0,1444000
3,4.0,3112,45333,2.0,0,0,3,3038,74,1925,0,1126000
2,2.0,2229,9179,1.0,0,0,4,1702,527,2020,2003,829000
4,2.5,4163,49781,2.0,0,3,4,2883,1280,2002,0,1686000
6,4.0,786,17843,2.0,0,1,3,703,83,2012,0,682000
2,1.5,3900,24952,2.5,0,2,3,3018,882,2014,0,1392000
3,1.5,897,34160,1.0,0,2,3,618,279,1959,2003,669000
4,3.0,3224,45898,1.0,0,0,3,2951,273,1917,1997,1132000
4,2.5,3725,30516,2.0,0,0,3,3502,223,1996,1955,1286000
4,2.25,1179,11449,1.0,0,2,1,1005,174,1988,1983,693000
4,4.0,2090,22125,2.0,0,0,4,1193,897,1955,0,923000
3,2.5,2553,8418,2.0,0,2,5,2054,499,1930,0,936000
3,2.25,4493,23746,1.0,0,3,3,4014,479,2000,0,1572000
4,2.5,1821,3454,2.0,0,1,3,1113,708,1958,0,728000
4,2.5,913,18761,2.0,0,2,1,596,317,1901,0,422000
4,1.0,2918,16223,1.5,0,2,4,2763,155,1996,1993,1370000
5,1.5,4254,7701,2.5,0,2,4,2378,1876,1938,0,1497000
3,4.0,835,3597,2.0,0,0,2,742,93,1960,0,711000
3,2.5,698,1141,2.0,0,0,3,532,166,2006,2002,473000
4,4.0,1657,3659,2.0,1,0,4,1244,413,2006,0,1242000
4,3.0,3003,21980,1.5,0,1,3,1661,1342,1962,0,1236000
4,2.5,3575,10031,2.5,0,0,2,3284,291,1995,1985,1254000
4,2.0,1005,16037,2.0,0,2,3,715,290,1917,1957,605000
5,1.5,2316,47738,2.0,0,0,3,1837,479,1916,0,975000
3,2.0,1349,39429,2.0,0,1,3,1153,196,1997,1971,884000
3,4.0,1734,7142,1.0,0,0,4,1501,233,1938,0,817000
2,4.0,1562,13109,2.0,0,2,4,1531,31,1970,2009,877000
3,1.5,3381,23010,1.0,0,0,3,2667,714,2005,0,1211000
2,4.0,3057,9787,1.0,0,0,5,2231,826,1953,0,1137000
3,2.0,4171,43864,1.0,0,0,3,4084,87,2016,0,1347000
3,2.5,2073,9472,3.0,0,2,4,1739,334,1998,0,844000
3,2.5,3335,24383,2.0,0,0,3,2281,1054,1993,0,1184000
3,1.0,3106,5249,2.0,0,0,4,1885,1221,1975,0,968000
2,3.0,4275,48717,2.0,0,4,5,3972,303,1934,0,1610000
2,4.0,4425,35518,2.0,0,1,2,3154,1271,1910,1970,1575000
4,2.0,1030,19351,2.5,0,4,5,872,158,1960,1985,952000
3,4.0,2236,5088,2.0,0,0,4,1703,533,1943,0,1009000
2,4.0,2711,16282,1.5,1,0,4,1733,978,2020,0,1300000
3,2.25,3346,20330,1.0,0,3,3,2746,600,1967,0,1344000
4,1.0,2151,43409,2.0,0,0,4,1241,910,1924,0,1059000
3,2.0,2958,22778,2.0,0,1,4,2177,781,1947,0,1102000
4,2.0,890,25264,1.5,0,0,3,708,182,1931,0,782000
2,4.0,3367,6075,1.0,0,0,5,2512,855,1983,0,1075000
2,1.0,2560,11412,2.0,0,0,2,2270,290,2013,1953,855000
3,2.5,3358,49454,1.0,0,0,2,3097,261,1994,0,1252000
3,2.0,3566,29365,2.0,0,0,3,3198,368,1903,0,1160000
4,2.5,3046,8230,3.0,0,0,3,1728,1318,2017,0,1077000
4,1.0,2416,49200,1.5,0,4,3,1539,877,1937,0,1203000
5,2.5,1384,12002,1.0,0,0,1,1095,289,2016,0,762000
3,1.5,1753,14947,2.0,0,1,5,1701,52,1962,0,768000
3,2.25,2275,14686,2.0,0,2,2,2106,169,1946,2009,993000
4,3.5,4028,30304,2.0,0,1,2,3742,286,1900,1954,1489000
3,2.0,2239,14074,2.5,0,0,1,1536,703,1902,0,724000
3,3.0,3817,5493,1.0,0,1,3,2836,981,2000,0,1322000
2,2.25,4087,35228,2.0,0,1,5,3113,974,1985,0,1325000
1,3.5,860,15140,2.0,0,2,4,533,327,1961,0,548000
5,2.5,811,32655,2.0,0,2,4,457,354,1963,1994,933000
4,2.0,1992,44472,1.0,0,4,1,1944,48,1916,0,1055000
4,2.5,955,7816,2.0,0,1,3,628,327,1977,0,497000
3,1.5,2740,12639,2.0,0,0,3,1802,938,2004,0,947000
2,1.0,891,48192,1.5,0,1,3,523,368,1961,1959,680000
2,2.0,1889,47733,1.0,0,0,2,1828,61,1934,0,764000
3,3.5,3722,30492,2.0,0,3,4,3018,704,1912,0,1455000
3,3.5,793,12240,1.0,0,0,3,674,119,1934,0,533000
4,1.5,1039,33698,1.0,0,0,4,997,42,1942,0,635000
4,1.5,561,27957,1.0,0,2,3,400,161,1901,0,547000
3,4.0,3860,33808,2.0,0,1,2,3202,658,1955,0,1446000
5,2.0,1110,6827,2.0,0,0,3,629,481,2010,1989,808000
4,2.5,591,33762,2.0,0,0,3,400,191,1976,0,627000
3,3.0,3275,9259,1.0,0,3,4,3026,249,1950,0,1247000
4,3.5,1143,15849,2.0,0,0,3,1023,120,1953,0,642000
3,3.5,2002,17232,2.0,0,3,3,1416,586,1915,1955,977000
3,1.5,2376,41572,2.0,0,0,5,1709,667,1917,2018,1091000
3,2.25,3779,25173,2.5,0,2,3,2985,794,1906,0,1385000
4,1.5,3837,6374,1.0,0,2,2,2110,1727,1944,0,1214000
1,3.0,2243,22174,2.0,0,0,3,1477,766,1935,0,804000
2,2.5,4083,24567,1.0,0,0,3,2628,1455,1940,0,1282000
2,2.5,683,36292,2.0,0,0,4,452,231,1993,0,601000
2,2.25,3688,10277,1.0,0,1,4,3365,323,1941,1989,1260000
4,3.5,4469,32600,1.0,0,0,5,3020,1449,2004,0,1463000
4,1.5,3628,10885,1.5,0,1,3,2308,1320,1906,0,1092000
3,4.0,1497,1778,2.0,0,0,3,1163,334,1914,0,778000
2,2.5,4147,30165,1.0,0,0,4,3896,251,1959,0,1432000
3,3.0,622,2492,2.0,0,0,2,409,213,1939,0,318000
3,2.0,948,31462,1.5,0,0,3,554,394,1982,0,602000
2,1.0,1978,14615,1.0,0,1,3,1405,573,2006,1999,896000
3,1.0,4296,45900,2.0,0,3,2,3808,488,1936,0,1283000
3,1.0,3175,43946,1.0,0,1,3,2533,642,1965,0,1051000
4,4.0,3456,8851,1.5,0,0,4,3171,285,2005,0,1260000
4,3.5,679,17288,2.0,0,4,4,666,13,2011,1980,828000
2,1.5,3528,8156,1.0,0,1,2,3198,330,1954,1992,1142000
3,2.25,4087,3044,1.0,0,3,2,3358,729,1976,0,1488000
4,4.0,3827,8368,1.5,0,0,3,2954,873,2003,0,1256000
3,4.0,2361,20900,2.5,0,0,4,1341,1020,2004,0,1023000
4,2.5,2551,31600,2.0,0,0,2,2533,18,2006,0,1008000
4,2.0,4389,47403,2.0,0,1,4,3171,1218,2006,0,1585000
2,4.0,815,26634,2.0,0,0,2,504,311,2018,0,590000
2,3.0,2110,10168,1.0,0,0,3,1793,317,1994,0,1027000
4,2.0,2535,21961,1.5,0,0,3,1718,817,1979,0,1115000
1,3.0,1342,45096,2.0,0,1,4,1091,251,2005,0,627000
3,3.5,2850,47087,1.0,1,1,3,2320,530,1955,0,1417000
5,1.5,3419,24852,1.0,0,0,3,2566,853,1943,0,1129000
3,1.0,1862,34110,1.0,1,0,3,1724,138,1956,1993,1059000
3,4.0,713,33174,1.5,1,1,4,477,236,1905,0,862000
4,1.5,644,35215,3.0,0,4,4,484,160,1991,0,794000
3,3.5,2355,27955,1.0,0,1,2,1865,490,1931,2006,930000
3,2.25,3430,7581,2.0,0,3,4,2910,520,2007,0,1231000
5,2.25,1683,45619,1.0,0,2,3,1519,164,1973,0,1153000
3,3.5,2933,7317,3.0,0,1,2,2134,799,2013,2007,1110000
5,3.0,1371,43856,1.0,0,0,3,1152,219,1917,2001,811000
5,2.5,787,46714,1.5,0,1,3,486,301,1967,0,808000
2,2.5,2978,27649,2.0,0,1,4,2887,91,1972,0,1063000
2,3.0,4057,24132,2.0,0,1,4,2930,1127,1906,0,1210000
2,2.25,3496,17789,1.5,0,0,2,3070,426,2013,0,1097000
1,2.25,3080,15567,1.0,0,0,3,1722,1358,1907,0,1082000
2,4.0,2510,15868,1.5,0,0,4,1612,898,1963,0,908000
4,2.25,3499,25370,1.0,0,0,5,2691,808,2006,2016,1253000
2,1.5,1598,43533,1.0,0,0,3,1510,88,1906,1985,748000
3,2.25,2226,31483,2.0,0,2,5,1752,474,1940,0,994000
4,2.0,3738,13466,1.0,0,0,3,3620,118,1939,1993,1490000
1,4.0,3079,29803,1.0,0,0,3,2363,716,1902,2009,979000
4,1.0,4013,19230,2.0,0,0,4,3092,921,1916,0,1426000
3,2.25,3514,18862,2.5,0,1,3,2122,1392,1965,1954,1371000
2,3.0,3591,44355,2.0,0,0,3,3272,319,1978,0,1204000
4,1.0,1513,32259,1.0,0,0,3,1000,513,2009,0,761000
4,1.5,1086,34539,1.0,0,1,4,1036,50,1992,0,651000
4,3.0,3700,22909,2.5,1,0,4,3551,149,2013,0,1657000
4,1.0,2153,31795,1.0,0,3,3,2098,55,2011,2016,1061000
4,3.0,3794,9770,1.0,0,3,3,2974,820,1951,0,1398000
3,1.5,2529,12093,2.0,0,0,3,2161,368,1921,0,751000
2,4.0,3633,47571,2.0,0,0,3,3270,363,1903,0,1258000
4,2.0,4421,1193,2.0,0,2,3,2692,1729,2020,2015,1536000
4,1.5,677,35775,1.0,0,0,4,555,122,2015,0,653000
6,1.5,4229,18569,1.0,0,0,3,2391,1838,1905,1991,1481000
3,3.0,641,12190,2.5,1,0,3,496,145,1937,0,833000
3,4.0,4274,43752,1.0,0,3,2,2648,1626,1925,0,1566000
4,3.5,1092,33327,2.0,0,0,3,690,402,1910,2007,734000
3,2.5,1395,43070,2.0,0,1,5,996,399,1989,0,918000
5,2.25,4153,21389,2.0,0,2,3,3092,1061,1916,0,1494000
4,2.25,2231,41197,1.0,0,0,3,1852,379,1987,0,986000
3,2.0,3586,3261,1.0,0,0,3,2092,1494,1991,0,1129000
4,2.0,2401,29369,2.0,0,4,3,1864,537,1998,0,1289000
4,2.25,3044,27512,2.0,0,0,2,1924,1120,1930,0,1114000
2,2.5,939,7716,2.5,0,1,3,758,181,1976,1975,510000
5,2.25,3269,22259,1.0,0,0,3,2735,534,2017,0,1188000
3,3.5,2434,29933,1.0,0,0,3,1948,486,1934,2014,976000
4,2.5,592,42689,2.5,0,0,3,522,70,1915,0,582000
3,2.0,803,5378,2.0,0,0,3,562,241,1978,0,527000
5,1.0,3751,41583,2.0,0,0,5,3354,397,2006,0,1324000
3,3.0,1633,47546,1.0,0,2,3,1216,417,1917,0,862000
1,3.5,3260,20835,2.0,0,0,3,2503,757,2010,0,1067000
5,3.5,3064,30033,2.0,0,0,3,2578,486,2000,0,1337000
2,4.0,2884,25000,2.0,0,0,3,1610,1274,2011,0,993000
3,2.0,3608,46496,1.5,0,2,4,3046,562,1961,0,1350000
5,2.0,2090,11332,1.0,0,0,3,1731,359,2011,0,860000
5,1.5,4088,43604,2.0,0,1,4,2818,1270,2012,0,1688000
3,3.5,2503,3800,1.0,0,0,1,1473,1030,2004,1967,1057000
4,1.5,3375,30538,1.5,0,0,3,1994,1381,1926,0,1012000
3,1.5,2942,31119,2.5,0,0,4,2840,102,2018,0,1045000
3,3.0,1191,9333,1.5,0,2,3,1024,167,1934,0,766000
3,1.5,2979,6410,2.0,0,0,3,1808,1171,2015,0,1065000
4,2.5,4400,18839,1.0,0,0,3,3126,1274,1944,0,1428000
4,2.25,1239,31519,2.0,0,0,4,1011,228,2017,0,796000
4,1.0,1826,6808,3.0,0,2,2,1690,136,1934,0,902000
4,2.0,2500,7796,1.0,0,0,4,1424,1076,1927,0,988000
2,2.5,1629,22180,1.0,0,0,3,1069,560,2002,0,688000
3,1.0,2036,44056,1.5,0,0,4,1934,102,2001,0,790000
2,3.5,1006,18709,1.0,0,0,3,557,449,1908,2007,432000
3,3.5,1532,18543,2.0,0,1,4,981,551,1975,0,814000
3,3.5,2680,38418,2.5,0,1,3,2630,50,1914,0,924000
4,2.5,1672,30075,1.5,0,0,5,1381,291,1920,0,850000
3,2.5,698,38755,1.0,0,0,2,466,232,1951,0,501000
2,2.0,1902,48968,1.5,0,0,3,1103,799,1934,0,954000
2,2.25,1729,38465,2.0,0,0,3,972,757,2005,0,818000
4,4.0,739,31502,1.0,0,0,2,487,252,1996,0,638000
4,1.5,4115,17724,2.0,0,2,3,3895,220,1950,0,1268000
2,3.5,1432,4828,2.0,0,4,5,1055,377,1982,0,775000
2,3.0,2860,18087,2.0,0,4,5,2500,360,1954,0,1267000
4,2.25,3701,13605,1.0,0,3,3,3564,137,1986,0,1348000
2,3.0,949,32337,2.0,0,1,5,696,253,1976,0,901000
4,2.0,3361,6482,1.0,0,1,3,2137,1224,1943,0,1144000
4,2.0,1158,28005,1.0,0,0,3,906,252,1964,0,682000
2,2.0,3881,23760,2.0,0,1,4,3720,161,2014,0,1201000
2,1.0,2345,6463,2.0,0,0,4,2138,207,1992,0,907000
6,3.0,2188,47628,1.0,0,0,5,1268,920,1987,0,1055000
3,2.25,2125,5912,1.0,0,2,3,1831,294,1979,0,942000
3,4.0,3382,5648,1.0,0,0,4,2730,652,1924,0,1201000
4,2.25,2698,34623,1.0,0,0,2,2585,113,2018,0,1070000
5,2.5,1932,36634,1.0,0,3,2,1169,763,1986,0,1205000
6,2.5,1953,45602,1.0,0,0,1,1543,410,1991,0,922000
4,3.5,1369,4112,1.5,0,0,5,1294,75,1946,1954,934000
3,4.0,3842,23054,2.0,0,3,4,2821,1021,1979,0,1365000
2,2.5,1369,5492,2.0,0,1,4,1049,320,2006,0,767000
4,2.0,969,23207,2.0,0,0,3,563,406,1955,0,612000
3,2.25,673,16114,1.0,0,0,3,454,219,1937,0,410000
3,3.0,971,35285,2.5,0,0,3,675,296,1910,0,476000
5,2.0,3852,17018,2.0,0,3,3,3756,96,1966,0,1437000
2,1.0,4311,22386,2.0,0,1,3,2919,1392,1914,0,1259000
3,2.5,3684,18740,2.0,0,0,4,2790,894,1900,1977,1255000
1,2.0,2058,45199,2.5,0,0,3,1753,305,1906,0,831000
3,2.0,4249,9210,2.0,0,0,2,2647,1602,1900,0,1169000
2,1.0,4324,45363,1.0,0,4,1,3324,1000,1948,0,1593000
2,1.5,2147,46639,2.0,0,0,2,1894,253,1995,2011,859000
2,2.25,1317,13743,2.0,0,1,3,1238,79,1972,2011,756000
4,3.0,2594,43092,2.0,0,0,5,2157,437,1928,0,1110000
4,3.5,3080,45299,2.0,0,1,3,2621,459,1925,1975,1267000
3,1.5,3116,7588,1.0,0,3,4,1890,1226,1986,1973,1233000
5,2.5,2752,4311,1.5,0,1,3,2684,68,1944,1988,1045000
3,2.0,2689,23432,2.5,0,0,3,1639,1050,2006,0,987000
3,4.0,3579,34755,2.0,0,1,2,3216,363,1992,0,1203000
4,1.0,2099,4321,2.0,0,2,4,1404,695,2015,1997,964000
3,1.0,3052,16812,1.0,0,0,4,2960,92,2001,1962,1059000
5,4.0,2314,38383,1.5,0,3,3,2022,292,1996,0,1303000
1,2.25,2594,49280,2.5,0,1,3,2306,288,1970,0,972000
5,1.5,3195,14146,2.0,0,3,3,2072,1123,1911,1984,1259000
2,3.5,4266,14654,2.0,0,1,3,3196,1070,1994,0,1407000
5,2.25,1059,36820,1.5,0,0,5,876,183,1931,0,765000
3,4.0,1756,1726,2.0,0,0,3,1574,182,2017,0,759000
6,2.0,935,4760,1.0,0,0,3,557,378,1919,0,650000
2,4.0,2147,23190,2.0,0,3,2,2110,37,2018,0,1007000
3,2.25,4352,2875,1.5,0,2,2,4137,215,1950,0,1319000
5,3.0,3002,24377,1.5,0,1,3,2016,986,1980,0,1181000
3,1.0,2843,47737,2.0,0,0,2,2616,227,1935,0,1086000
4,1.0,1291,5033,2.5,0,0,4,1011,280,1966,0,622000
4,2.5,4212,39211,1.0,0,2,4,3191,1021,1900,0,1502000
3,2.5,3258,18373,2.0,0,0,2,2252,1006,2013,0,1018000
4,4.0,3247,4744,1.0,0,0,4,2634,613,1926,0,1240000
3,3.5,4092,25995,1.5,0,1,3,3594,498,2016,1952,1428000
5,2.0,4447,17977,1.0,0,0,3,3268,1179,2010,0,1510000
2,3.0,2461,33402,1.0,0,0,3,2050,411,1939,1991,932000
3,1.5,1996,35542,2.0,0,0,3,1725,271,1996,0,893000
5,2.25,1450,11651,1.0,0,0,3,1261,189,1983,1999,847000
5,3.5,2662,34703,2.0,0,4,3,1526,1136,1913,0,1270000
3,2.0,3634,14395,2.5,0,0,3,3404,230,1999,1973,1101000
4,2.5,2810,30808,1.0,0,0,5,2124,686,1968,0,1209000
3,4.0,2559,37576,2.0,0,0,2,1709,850,1986,0,1028000
2,2.25,791,17715,1.5,0,2,2,521,270,2008,0,614000
3,2.5,3090,45409,2.0,0,0,2,2371,719,2019,0,1219000
3,4.0,3834,25306,1.0,1,1,3,3638,196,1978,0,1657000
3,2.25,4314,20086,1.0,0,0,2,3107,1207,1905,0,1317000
2,1.5,2935,15376,1.0,0,0,4,2604,331,1932,0,876000
5,2.0,2570,6889,1.0,0,0,3,1525,1045,1954,0,1011000
6,2.25,722,38822,1.0,1,2,3,551,171,1918,0,1101000
4,3.0,1221,37636,2.0,0,3,3,1216,5,1976,0,862000
3,3.5,713,21584,2.0,0,0,3,639,74,1928,0,546000
3,1.0,1014,35610,2.0,0,0,3,653,361,1960,2002,554000
4,3.0,3592,11058,2.0,0,3,3,2786,806,1969,0,1398000
4,3.0,1046,10101,1.0,0,0,3,685,361,1978,0,672000
2,3.5,1249,13497,1.0,0,2,3,917,332,1979,0,737000
5,1.0,2992,5658,1.0,0,0,2,2695,297,1923,0,1126000
4,3.0,1252,12381,1.0,0,3,5,1123,129,1922,0,822000
5,2.25,2490,41312,2.0,0,2,1,1625,865,2011,0,1154000
4,2.25,2905,41486,2.0,0,3,4,2803,102,1909,1996,1198000
4,2.25,2341,47619,1.5,0,1,4,1911,430,1953,2002,1248000
3,1.0,732,18154,1.5,0,0,3,527,205,2004,0,380000
5,3.0,1178,20539,2.0,0,3,2,913,265,1940,0,862000
4,4.0,4415,12777,2.0,0,0,2,3630,785,1948,0,1371000
2,1.0,3107,35396,1.0,0,0,4,2491,616,1916,0,1008000
1,2.25,2281,31373,2.5,0,1,3,1753,528,2012,0,801000
3,3.5,1095,34154,2.5,0,2,4,851,244,1955,0,877000
4,3.0,2137,7031,1.0,0,3,5,1344,793,2007,0,998000
6,3.0,1173,28997,1.5,0,0,4,1074,99,1944,0,910000
2,2.5,4385,7439,2.0,0,2,3,3480,905,1929,0,1288000
3,2.5,1143,23785,2.5,0,2,3,696,447,1943,0,809000
3,1.5,1293,14392,2.0,0,0,4,1156,137,2009,1982,656000
5,4.0,3848,29669,1.0,0,0,3,3731,117,1973,0,1350000
4,4.0,2318,29939,1.5,0,0,2,2263,55,1954,0,979000
4,2.0,4354,3282,2.0,0,0,4,3117,1237,1918,1975,1327000
3,4.0,2009,35624,2.0,0,4,3,1227,782,1928,0,996000
3,2.5,2498,49438,1.0,0,1,5,1956,542,1901,0,973000
3,1.0,4043,25364,2.0,0,1,4,2428,1615,1935,0,1341000
2,4.0,3151,2998,2.0,0,4,2,3057,94,1918,0,1177000
4,2.5,2618,32705,2.0,0,0,5,1656,962,1906,0,1056000
4,1.5,3151,39244,2.0,0,2,3,2091,1060,1925,0,1192000
6,3.0,2994,10428,2.0,0,0,3,2194,800,1978,1969,1290000
6,4.0,3222,38437,1.5,0,3,3,2327,895,2010,0,1584000
3,1.5,654,13336,2.0,0,0,2,593,61,2019,0,538000
4,3.0,2789,10342,1.0,0,3,3,2106,683,1937,1962,1177000
5,3.5,566,40832,2.0,0,0,2,400,166,1902,0,502000
4,3.5,3741,8446,1.0,0,0,3,2507,1234,2001,1963,1166000
3,3.0,942,39392,2.0,0,2,3,733,209,1979,0,744000
3,4.0,974,8461,1.0,0,0,4,600,374,1965,1962,495000
2,2.0,2726,35587,1.0,0,1,4,2249,477,1994,0,1028000
5,2.5,3751,11516,1.0,0,0,3,3018,733,1991,0,1421000
3,1.0,1121,14749,1.0,0,2,3,977,144,1970,0,547000
3,1.0,4181,18514,2.0,0,0,3,4063,118,1993,0,1193000
4,2.25,2626,36426,2.0,0,0,3,2522,104,1942,0,1091000
4,3.0,1670,37268,2.0,0,0,4,1629,41,1961,0,638000
3,1.0,3631,25950,1.0,0,0,4,2396,1235,1970,1963,1265000
2,4.0,791,35888,1.0,0,0,3,481,310,1999,0,722000
4,2.0,4447,37788,1.0,0,0,3,3050,1397,1992,0,1394000
3,3.0,2829,11213,1.0,0,0,2,2695,134,1923,0,856000
4,2.0,1338,37027,2.5,0,0,3,1321,17,2015,1999,894000
3,4.0,3905,29011,1.0,0,1,2,3657,248,1938,0,1222000
4,1.0,1264,43849,1.5,0,3,5,757,507,1967,0,961000
3,1.0,1308,35591,1.0,0,0,4,1277,31,1992,0,595000
3,2.25,3399,18858,1.0,0,1,3,2516,883,1943,0,1303000
4,1.0,1325,19626,2.0,0,1,3,734,591,1904,2017,782000
3,3.0,3323,14467,2.0,0,0,5,2489,834,1954,0,1175000
2,4.0,2797,40758,1.0,0,1,3,1596,1201,1992,0,1257000
1,3.5,3542,4134,1.0,0,0,3,2814,728,1929,1950,1179000
4,4.0,628,17743,1.5,0,0,3,441,187,1928,0,595000
4,3.0,3553,16434,1.0,0,0,4,2711,842,1925,1956,1106000
4,3.0,4476,48775,1.0,0,1,3,3696,780,1982,2001,1561000
3,2.25,1405,11233,2.5,0,1,4,1322,83,1925,0,804000
2,2.25,3794,2141,2.0,0,0,4,3216,578,1936,0,1037000
1,1.0,3064,19019,2.0,0,0,4,2283,781,1990,0,912000
3,1.5,3178,21384,1.5,0,4,5,2919,259,1993,0,1222000
3,4.0,1989,43903,1.5,0,0,2,1904,85,2014,0,970000
3,4.0,3537,46734,2.0,0,0,3,2135,1402,1952,1973,1418000
3,1.5,3046,37129,2.0,0,3,4,2404,642,1929,0,1297000
5,2.25,2684,23967,2.0,0,1,4,1819,865,1902,0,1030000
3,1.0,2698,41603,1.0,0,1,3,1541,1157,1942,0,1043000
3,1.5,1581,12172,2.0,0,2,3,1345,236,1906,1966,706000
4,1.0,1394,17390,1.5,0,3,4,1307,87,1948,0,802000
3,1.0,3821,4267,2.0,0,0,4,2381,1440,2020,0,1269000
4,1.0,4126,40332,2.0,0,0,2,3777,349,1972,0,1443000
4,2.5,636,27167,2.0,0,0,3,594,42,2016,0,432000
5,3.0,2640,22312,1.0,0,4,3,2538,102,1940,0,1241000
2,1.0,4006,28840,2.0,0,1,3,2681,1325,2005,1985,1466000
5,2.5,4242,19990,1.0,0,0,1,4058,184,1976,0,1401000
3,2.25,4056,45179,1.0,0,3,3,2816,1240,1978,0,1491000
3,1.5,957,6906,1.0,0,0,3,764,193,1953,1960,503000
3,3.0,4104,49796,2.0,1,0,3,2350,1754,1968,1993,1923000
6,3.5,3261,41379,1.0,0,0,4,1857,1404,1992,1963,1367000
3,1.5,3638,18297,1.5,0,0,4,3180,458,1998,1978,1250000
3,3.0,2218,3011,2.5,0,3,3,1663,555,1990,0,974000
4,3.5,697,45014,1.0,0,0,2,463,234,1926,0,610000
3,1.5,2874,47558,2.0,0,2,4,1826,1048,1907,0,1262000
2,3.0,781,12738,1.5,0,1,3,665,116,1931,0,437000
2,1.5,4447,29797,1.0,0,0,5,2446,2001,1983,0,1390000
2,1.5,2500,48498,2.0,0,4,4,2281,219,1963,0,1175000
2,3.5,915,12120,1.0,0,0,3,535,380,1909,1965,470000
2,1.5,3849,9767,2.0,0,0,5,2448,1401,1912,0,1157000
4,1.5,2224,23852,2.0,0,0,2,1609,615,1962,0,1039000
2,3.5,985,14703,2.0,0,3,3,756,229,1992,1952,622000
3,2.25,948,1929,2.0,0,0,3,672,276,1934,0,478000
5,1.0,1784,12951,1.0,0,0,3,1238,546,1960,0,807000
3,4.0,1964,27039,1.0,0,0,5,1932,32,1953,0,870000
4,2.0,3096,49613,2.0,0,0,2,2596,500,1907,1955,1419000
2,2.5,3137,30504,2.0,0,2,3,1758,1379,1928,0,1184000
2,2.0,1112,18438,2.0,0,0,3,826,286,1994,0,493000
2,2.0,4112,49515,2.0,0,0,4,3880,232,1940,0,1135000
2,3.0,3039,6744,2.0,0,0,3,2083,956,1929,1952,1060000
3,1.0,1834,19284,2.0,0,0,3,1086,748,1985,0,695000
2,3.0,1322,43417,1.0,0,3,4,1178,144,1920,2017,970000
2,1.0,2947,40748,2.0,0,0,3,2424,523,1975,0,993000
2,3.5,2587,8069,1.5,0,4,4,2086,501,1910,0,1026000
3,3.5,3973,43359,1.0,0,0,3,2280,1693,1901,1991,1310000
2,4.0,3117,20799,2.0,0,0,4,1911,1206,1949,2013,1234000
3,1.0,1893,34210,2.0,0,3,4,1571,322,1940,0,971000
3,1.5,2735,29226,1.5,0,0,3,1760,975,1965,0,1132000
4,2.25,2123,5652,1.0,0,1,3,1649,474,1997,1986,941000
2,4.0,4244,25323,1.5,0,4,4,3374,870,1902,0,1582000
4,4.0,1541,43138,2.0,0,0,3,1044,497,1979,0,957000
4,1.5,2965,8597,2.5,0,0,5,2896,69,1950,0,1138000
2,2.25,3841,48093,1.0,0,1,3,3568,273,1967,2016,1306000
4,3.0,3958,38226,1.0,0,0,2,3463,495,1986,0,1401000
5,2.25,1796,7591,2.0,0,0,3,1050,746,2020,0,865000
2,3.0,4269,26833,1.5,0,0,5,2551,1718,2013,0,1397000
3,3.5,4389,12826,2.0,0,0,3,3387,1002,1983,0,1336000
4,2.0,909,27417,2.5,0,2,4,565,344,1924,1965,590000
4,3.5,1470,19693,1.0,0,0,4,1455,15,1929,0,867000
2,3.5,2926,15138,2.0,0,0,3,1818,1108,1981,0,1064000
2,2.0,3559,3169,1.0,0,1,2,2738,821,2005,0,1005000
3,2.25,3060,19556,1.5,0,0,4,2184,876,1910,0,1101000
3,4.0,3543,23052,2.0,0,0,3,2968,575,1992,0,1364000
4,2.25,1512,7313,1.5,0,2,4,919,593,1916,1990,908000
3,3.0,4182,9315,3.0,0,0,3,3109,1073,1925,0,1234000
3,1.5,2377,9036,2.0,0,2,3,1601,776,2019,2015,975000
4,3.0,4003,32778,1.0,0,3,4,3800,203,2020,0,1514000
2,1.5,3433,28734,1.0,0,0,3,1950,1483,1922,0,1132000
3,3.5,2163,24173,1.5,0,0,3,2079,84,1955,0,933000
4,2.0,2190,31403,1.5,0,0,3,2025,165,1951,0,1151000
5,3.5,2766,1785,1.0,0,0,3,1891,875,1947,0,911000
3,1.0,766,7139,1.5,0,3,3,693,73,1919,0,558000
3,2.25,927,7344,1.5,0,3,4,522,405,2008,0,558000
2,1.5,668,19800,2.0,0,0,3,658,10,1901,0,454000
3,3.0,739,26372,2.0,0,1,3,581,158,1987,0,722000
3,2.0,3364,21538,2.0,0,3,4,2309,1055,1930,1968,1438000
3,1.5,919,15973,1.0,0,4,3,655,264,1926,2020,742000
3,3.0,2351,6619,1.0,1,0,3,1363,988,1901,1980,1067000
3,2.25,2746,35704,2.0,0,0,5,2732,14,2020,1989,1162000
1,3.5,4297,37575,2.0,0,0,4,2439,1858,1977,0,1410000
3,2.25,1201,40919,1.0,0,4,3,1014,187,1903,0,724000
3,2.5,2432,43261,2.0,0,0,3,1822,610,2012,0,998000
3,1.0,2061,46123,2.0,0,1,1,2013,48,1912,1958,770000
2,2.5,1319,28716,2.0,0,0,3,871,448,1999,0,622000
5,2.0,2971,4236,1.0,0,0,3,2345,626,1934,0,1127000
3,1.5,1330,16848,2.0,0,0,3,1020,310,2007,1999,775000
4,2.0,2266,3352,2.0,0,4,3,1963,303,2017,0,977000
4,3.5,2757,2932,2.0,0,0,2,1600,1157,2018,0,992000
3,3.0,2948,11913,2.0,0,1,3,1878,1070,1971,0,1097000
2,2.25,1861,9556,2.0,0,0,5,1203,658,1965,0,783000
3,2.5,3909,22300,2.0,1,0,3,3448,461,1905,0,1526000
3,4.0,3489,6498,1.0,0,0,3,2215,1274,1930,1966,1232000
4,2.5,1799,11582,2.0,0,0,2,1453,346,2017,0,819000
3,3.5,1072,47633,2.0,0,0,2,693,379,1909,1994,485000
2,2.5,1071,10569,2.0,0,0,4,1004,67,2007,0,551000
3,3.5,1332,5857,1.0,0,0,3,1297,35,1920,0,570000
3,4.0,2870,1340,1.0,0,0,3,2248,622,2005,0,1096000
4,2.0,1485,44949,2.5,0,4,3,1052,433,1973,0,1058000
3,2.25,4023,17766,2.0,0,3,4,2636,1387,1922,0,1267000
3,1.5,2780,27132,2.5,0,0,3,1591,1189,1902,1987,1049000
6,3.0,2238,9491,2.0,0,1,3,1501,737,1931,0,1023000
3,1.5,1037,1138,2.0,0,3,3,875,162,1919,0,645000
3,2.0,2400,1358,2.0,0,0,3,1896,504,1973,0,814000
2,3.0,1395,10714,2.0,0,2,3,1359,36,1928,0,696000
2,2.5,2721,20840,2.0,0,3,3,1981,740,2004,1985,1263000
3,4.0,3582,35395,2.0,0,0,4,3088,494,1951,2014,1349000
2,4.0,4247,31654,1.0,0,0,4,3271,976,2014,0,1411000
2,1.0,3387,26879,2.0,0,4,3,2644,743,1945,0,1201000
3,2.0,3011,16996,2.0,0,0,2,2018,993,1933,2017,1135000
2,2.0,2553,38772,1.0,0,0,3,1926,627,2000,0,842000
5,2.25,2298,27762,1.0,0,0,5,1750,548,1983,0,971000
2,1.5,3793,14283,1.0,0,0,3,3292,501,1960,1962,1068000
3,2.0,3909,40420,1.0,0,1,4,3804,105,1971,0,1375000
3,2.0,4056,20554,1.0,0,2,1,2831,1225,1970,0,1421000
6,2.5,1235,21219,1.5,0,4,3,702,533,1969,0,938000
2,2.5,2710,35919,2.5,0,0,2,2095,615,1910,0,846000
3,3.0,3485,10429,2.0,0,0,3,2770,715,2007,0,1331000
5,3.5,2719,47840,1.0,0,0,5,1701,1018,1981,0,1261000
4,3.5,2117,45695,1.0,0,0,5,1888,229,2014,1986,1130000
4,1.0,1795,40673,2.0,0,0,3,1782,13,2005,2020,896000
3,3.5,4252,20218,1.5,0,4,3,4148,104,2020,0,1645000
2,2.25,588,13452,2.0,0,3,5,400,188,1992,0,657000
4,1.0,3094,49980,2.0,0,0,4,2920,174,1988,1953,1204000
5,3.0,1329,19951,2.0,0,1,2,1152,177,1962,0,775000
3,2.5,1806,2307,1.0,0,0,3,1362,444,1920,1968,655000
3,3.5,3540,15852,2.0,0,0,3,2808,732,2009,0,1137000
3,1.5,4151,26232,1.0,0,1,3,3870,281,1902,0,1268000
4,2.5,2746,36428,2.5,0,0,3,2103,643,1981,0,1206000
2,4.0,4018,44171,2.0,0,4,3,2884,1134,1987,0,1462000
3,2.25,3619,27485,1.0,0,1,3,2793,826,2010,1993,1393000
3,2.5,3258,11238,1.0,0,0,3,2640,618,2001,0,1037000
3,2.25,4259,39975,1.0,0,2,3,2704,1555,1909,0,1273000
3,2.25,2477,2140,2.0,0,0,4,2366,111,1926,0,929000
2,2.25,851,25842,1.0,0,0,4,726,125,1911,2005,682000
4,3.0,3981,27421,2.0,0,0,3,3324,657,1906,0,1250000
3,2.25,2835,2708,1.0,0,0,5,1686,1149,1916,2014,880000
3,2.25,1196,4630,2.0,0,2,5,982,214,1964,0,771000
2,4.0,1212,20595,2.0,0,0,3,732,480,1963,0,570000
3,1.5,2833,11485,2.0,0,2,2,1658,1175,2013,0,1118000
3,1.0,2309,29308,2.0,0,1,4,1817,492,1925,0,1016000
2,2.0,2800,45789,1.0,0,0,4,2047,753,1914,1965,1065000
3,4.0,805,27086,1.0,0,2,5,656,149,2014,2013,887000
2,1.0,1147,17859,2.0,0,0,4,676,471,1932,0,607000
2,2.25,1211,8684,1.5,0,0,3,900,311,1961,2000,690000
6,1.5,784,26552,1.5,0,0,3,492,292,2000,2007,741000
3,2.5,1918,2207,1.0,0,0,1,1906,12,1946,0,758000
4,1.5,3131,47099,1.0,0,0,3,2512,619,1994,2001,1239000
3,4.0,3457,2960,1.0,0,1,3,2970,487,1934,0,1206000
4,2.25,4418,1557,2.0,0,0,3,3076,1342,1964,2009,1686000
4,1.5,4402,30689,1.0,0,0,3,2608,1794,1971,0,1431000
3,3.5,4087,49651,2.0,0,4,4,4042,45,1975,0,1496000
3,1.5,1319,14893,1.0,0,1,3,895,424,2017,0,677000
3,2.25,3138,33272,2.0,0,3,3,2324,814,2020,2020,1315000
3,3.0,762,1882,1.0,0,0,2,641,121,1982,0,464000
5,3.5,1012,38529,2.5,0,1,3,567,445,1924,0,875000
4,1.5,3033,39635,2.0,0,3,4,2774,259,1956,0,1378000
5,2.0,832,30535,1.0,0,1,4,658,174,1931,0,679000
2,2.0,4183,13869,2.5,0,1,5,2824,1359,1962,0,1234000
4,1.5,4228,8166,3.0,0,0,3,2442,1786,1911,1987,1366000
5,3.0,2036,13982,2.0,0,0,3,1268,768,1962,0,880000
2,2.5,1980,41697,2.0,0,0,3,1886,94,1976,0,860000
2,2.25,637,39115,1.0,0,0,3,546,91,1991,0,502000
4,2.0,1617,8269,2.0,0,3,4,1071,546,1900,2019,1007000
3,2.5,1010,29064,1.0,0,0,4,585,425,1950,0,642000
4,1.5,2875,14527,1.0,0,4,4,2474,401,1969,0,1173000
2,4.0,4304,3454,3.0,0,4,3,3475,829,1907,1986,1408000
4,2.5,3018,21878,1.0,0,0,4,2209,809,1967,1963,1165000
2,3.5,2274,13991,2.0,1,0,2,1622,652,1904,1986,1195000
2,1.0,1926,3808,2.0,0,3,4,1247,679,1988,0,833000
2,2.0,3293,40410,2.0,0,4,3,2803,490,1985,1962,1428000
4,1.5,1064,37593,3.0,0,0,3,1049,15,1991,0,592000
4,4.0,1252,37304,1.0,0,0,3,787,465,1938,0,690000
3,2.25,2203,31386,1.0,0,0,5,1803,400,1922,0,898000
3,4.0,2616,49077,1.5,0,1,2,1938,678,1967,0,1057000
4,3.0,572,4802,1.0,0,0,3,429,143,1951,1987,515000
3,3.5,3010,29753,1.0,0,2,4,1999,1011,1903,0,1162000
4,1.5,1603,22083,1.5,0,0,3,1476,127,1946,0,795000
3,2.25,2380,19354,2.0,0,0,3,1828,552,1920,0,868000
3,3.0,2705,23190,2.0,0,0,3,2149,556,2000,2007,922000
3,3.0,3988,7142,1.0,0,0,3,2740,1248,1955,0,1194000
3,1.5,1854,29398,2.0,0,0,5,1171,683,2004,0,903000
4,3.5,3749,42862,1.0,0,0,4,2206,1543,1965,0,1433000
3,2.5,3850,34132,1.0,0,0,3,3354,496,1958,0,1337000
3,2.5,1684,20503,2.0,0,0,5,1074,610,1906,0,855000
5,3.0,2733,49456,2.0,0,0,3,2351,382,1948,1997,1225000
3,2.5,911,35631,2.0,0,4,2,661,250,1915,0,764000
3,1.0,3807,17499,1.0,0,0,3,2806,1001,1916,0,1056000
5,3.0,4277,40852,2.0,0,0,3,3255,1022,1983,0,1339000
4,3.0,4205,9016,2.0,0,1,3,3008,1197,1986,1980,1359000
2,2.25,2726,3384,2.0,0,4,5,1622,1104,1997,0,1090000
5,2.5,2449,16072,2.0,0,0,4,1688,761,1974,2012,976000
4,3.5,1834,37703,2.0,0,1,3,1556,278,1933,0,909000
3,3.0,1064,46895,2.0,0,1,3,903,161,1932,0,680000
2,4.0,998,15482,2.0,0,1,4,677,321,1925,2010,757000
4,3.5,2473,41510,3.0,0,0,5,1872,601,1965,0,1047000
4,1.0,3725,49933,2.0,0,1,4,2373,1352,1962,0,1378000
3,2.25,2056,22826,1.5,0,0,3,1325,731,1986,0,812000
5,1.5,1797,3490,2.0,0,1,4,1006,791,1940,0,766000
4,3.5,2405,47092,1.5,0,2,3,2293,112,1985,0,1099000
2,3.0,1423,26518,1.0,0,0,3,917,506,1957,0,486000
3,1.0,4487,25045,2.0,0,2,2,2927,1560,1997,1965,1574000
3,2.0,4112,27910,2.5,1,0,2,2778,1334,1978,0,1786000
4,1.0,3070,25566,2.5,0,2,3,1864,1206,1909,0,1127000
2,1.0,3631,34905,1.0,0,0,3,3041,590,1914,0,1101000
3,2.25,1978,28103,2.0,0,0,1,1154,824,1941,0,752000
4,1.5,2899,37188,1.0,0,0,4,1769,1130,1992,0,1048000
4,2.0,2828,6845,3.0,0,4,2,2375,453,1956,0,1247000
3,2.5,2304,22162,3.0,0,0,3,1619,685,1986,1996,1015000
4,2.5,1472,37674,2.0,1,0,3,1278,194,1916,0,866000
2,3.5,3687,20337,2.0,0,0,5,2952,735,1959,0,1156000
4,1.0,3534,23313,2.0,0,1,3,2350,1184,1908,0,1022000
2,4.0,2709,27943,2.0,0,0,2,2283,426,2013,0,1157000
3,2.25,1586,13413,1.0,0,0,3,955,631,1935,0,657000
4,4.0,1966,1276,1.5,0,0,4,1555,411,1972,0,904000
2,2.25,3097,18611,2.0,0,0,5,2312,785,1979,0,1050000
3,2.5,3529,40105,2.0,0,0,3,2366,1163,1935,0,1305000
4,3.5,3195,12944,1.5,0,0,3,2625,570,1947,0,1214000
4,3.5,2831,16906,2.5,0,1,5,2667,164,1950,0,1158000
4,3.5,3199,21536,1.0,0,0,3,3197,2,1996,0,1334000
4,2.0,863,28810,2.0,0,0,3,710,153,2018,0,673000
3,1.5,3163,13306,2.0,0,0,3,2315,848,1994,0,947000
3,2.0,3633,11503,2.0,0,4,2,2366,1267,1969,0,1339000
3,3.0,2806,20225,2.0,0,4,3,1867,939,1973,0,1261000
2,3.0,2547,37976,1.0,0,2,3,1950,597,1979,0,1041000
5,4.0,1587,12590,1.0,0,0,4,1135,452,1967,0,822000
3,1.5,2206,11886,2.0,1,0,5,2120,86,2017,0,1407000
3,2.5,4039,13866,2.0,0,0,3,2890,1149,1921,0,1152000
3,1.5,4058,2088,1.0,0,0,4,2913,1145,1976,1989,1055000
5,2.25,3998,4363,2.0,0,0,2,2888,1110,1979,0,1458000
2,3.0,3641,33792,1.5,0,2,3,3373,268,2015,0,1224000
3,1.0,3184,10764,2.0,0,3,2,2683,501,1992,0,1142000
3,1.0,2328,21620,2.0,0,2,5,1923,405,1905,0,924000
4,2.5,4356,43727,1.0,0,0,4,3050,1306,1925,1950,1607000
1,2.25,1564,13935,1.0,0,1,4,1435,129,1974,1990,844000
4,4.0,1643,9068,2.0,1,0,4,932,711,1987,0,1088000
5,2.0,4445,8295,2.0,0,0,3,4186,259,1992,0,1572000
3,2.25,3832,42160,2.0,0,1,5,2991,841,1902,0,1458000
4,1.0,1674,12390,2.0,0,0,4,1220,454,1951,0,750000
5,1.0,1247,42216,2.0,0,0,5,964,283,1973,0,886000
4,4.0,2729,21131,2.5,0,0,3,2320,409,1959,0,1183000
2,3.0,4244,30218,2.0,0,1,2,2358,1886,1962,2009,1391000
3,2.25,1954,11433,2.0,0,2,3,1841,113,1964,1979,916000
3,2.25,1705,16038,1.5,0,0,2,1280,425,1951,0,754000
3,1.0,1593,29182,1.0,0,2,3,1122,471,2006,0,677000
4,2.0,2479,12528,2.0,0,0,3,1517,962,1989,0,938000
5,2.5,3133,22281,1.0,0,0,3,2342,791,1975,0,1073000
5,3.5,1563,49511,2.5,0,1,1,1208,355,1913,0,1018000
3,2.5,776,9605,2.0,0,1,3,567,209,1988,2005,603000
2,2.25,3775,35782,2.0,0,4,3,3229,546,1971,0,1433000
6,2.5,2378,2381,1.5,0,0,5,1758,620,2006,0,1053000
4,1.0,4363,2098,1.0,0,1,3,4287,76,1967,0,1333000
2,1.0,2042,20810,1.0,0,1,3,1673,369,1927,0,770000
5,4.0,1371,25322,1.5,0,3,4,1252,119,1970,0,923000
4,2.25,2573,42869,1.0,0,0,3,1541,1032,1909,0,982000
3,4.0,1420,33955,2.0,0,2,3,1034,386,2014,2003,933000
3,2.25,3002,45716,2.0,0,1,3,2106,896,1956,0,1120000
3,3.5,2799,11207,2.0,0,0,3,2256,543,1999,1977,1129000
2,3.5,2635,22793,2.0,0,0,5,2470,165,1965,0,974000
3,3.0,3539,3092,1.0,0,0,2,2071,1468,1989,0,1270000
4,2.25,2345,29220,2.0,0,1,3,1366,979,2016,0,1104000
1,2.0,737,19514,2.0,0,3,1,687,50,1949,0,398000
3,2.5,1630,39010,1.0,0,1,3,1052,578,1913,1996,880000
3,2.25,1490,9549,2.0,0,1,4,1267,223,1915,1975,702000
3,1.5,3641,23031,1.0,0,0,3,2892,749,1953,0,1170000
5,3.0,2870,6185,2.0,0,0,2,2654,216,1942,1972,1050000
3,1.5,3740,16271,3.0,0,0,3,2267,1473,1941,0,1006000
3,1.0,3180,6776,1.0,0,0,1,1934,1246,1980,1990,1020000
4,3.5,3113,13449,2.5,0,0,2,2492,621,2009,0,1040000
3,2.5,3842,25297,2.0,0,0,4,3749,93,1921,0,1294000
3,2.25,1075,41591,3.0,0,0,4,792,283,1967,0,720000
3,1.5,4136,16717,1.5,0,0,5,2883,1253,1918,0,1234000
2,2.5,4349,41123,2.0,0,0,4,3579,770,1965,0,1555000
2,1.0,4362,40233,1.0,0,0,4,4225,137,1938,0,1214000
3,3.5,885,46505,1.0,0,0,2,820,65,1972,1987,632000
3,2.0,3295,47092,1.0,0,3,4,3288,7,1918,0,1191000
5,3.0,1628,11350,3.0,0,3,4,911,717,1915,0,1141000
3,2.5,3097,31622,2.0,0,1,4,1860,1237,1953,0,1285000
3,2.5,3497,36323,2.0,0,0,3,2882,615,1924,0,1066000
4,2.0,3363,3951,2.5,0,2,3,3091,272,2011,0,1194000
1,2.5,3133,18622,1.0,0,2,4,2125,1008,1917,0,990000
4,1.0,711,5727,1.5,0,2,4,467,244,1922,0,524000
2,1.0,4291,39454,1.0,0,0,5,3879,412,2016,0,1289000
5,2.0,1143,37469,1.0,0,1,3,657,486,1984,0,740000
2,3.0,2488,36548,1.0,0,2,3,1781,707,1910,0,1073000
3,2.25,2756,24782,1.5,0,1,3,2143,613,1938,1986,1241000
2,1.5,3809,29454,1.0,0,1,4,3055,754,2004,0,1140000
6,2.25,609,3368,1.0,0,0,3,534,75,1967,0,491000
3,2.5,3512,16592,1.0,0,0,2,2492,1020,1924,0,1119000
3,1.5,4438,23173,1.0,0,0,5,3664,774,1962,0,1258000
2,4.0,3940,34204,3.0,0,1,1,3204,736,1995,0,1372000
4,2.0,2451,36596,2.0,0,0,4,1952,499,1929,0,1048000
2,2.0,2808,35324,2.5,0,0,3,2353,455,1944,0,1048000
5,3.0,955,47132,1.5,0,0,4,636,319,1989,0,836000
2,1.5,1213,24864,1.0,0,0,3,713,500,2020,0,561000
2,1.0,1682,48829,2.0,0,0,5,1015,667,1960,0,764000
2,1.5,1649,31750,1.0,0,1,5,1073,576,1999,0,698000
3,2.5,1091,11576,1.0,0,2,1,845,246,1950,0,657000
3,1.0,1887,17566,1.0,0,0,2,1751,136,1997,1968,922000
2,3.5,1547,8190,1.0,0,0,3,1339,208,1908,0,663000
4,3.5,1690,24071,1.0,0,0,4,1529,161,1975,0,796000
3,4.0,3524,39333,1.5,0,3,4,2494,1030,1901,0,1462000
3,3.5,1417,16369,2.0,0,0,3,1037,380,2001,0,943000
3,2.0,4325,25035,1.0,0,0,3,3144,1181,1904,0,1322000
3,1.5,2616,2589,1.0,0,0,3,1664,952,1961,0,924000
3,3.5,981,26235,2.0,0,1,4,566,415,1968,0,768000
2,2.25,4306,1159,1.0,0,3,5,3513,793,1951,1984,1326000
2,3.0,1289,13145,1.0,0,2,3,1282,7,1985,0,670000
4,2.25,1923,16373,2.0,0,1,3,1202,721,1904,0,799000
5,3.5,732,32921,1.0,0,0,2,417,315,1958,0,717000
3,4.0,2710,40323,1.0,0,0,3,2441,269,1967,0,1134000
3,3.0,1756,17237,2.0,0,0,3,1165,591,1908,1966,782000
4,2.5,3078,42971,1.0,0,0,2,2842,236,1992,0,1110000
3,2.25,1719,9244,2.0,0,0,3,1489,230,1921,0,557000
1,4.0,1380,15743,2.0,0,0,3,1346,34,1926,0,603000
2,1.5,2201,32566,1.0,0,0,3,1615,586,1909,0,694000
4,1.5,1686,47101,2.0,0,3,3,1429,257,1979,0,894000
4,2.25,3360,47109,2.0,0,1,1,2550,810,2005,0,1356000
1,3.5,1025,19691,1.0,0,2,4,854,171,2005,0,737000
3,4.0,3360,34996,2.0,0,1,4,2527,833,1960,0,1247000
3,1.5,1876,6590,1.0,0,0,3,1191,685,1950,0,576000
4,2.5,1520,6585,2.0,0,2,2,1183,337,1909,0,690000
1,1.0,4446,10227,1.0,0,0,4,3502,944,1905,1963,1330000
2,3.5,1569,29278,1.5,1,1,5,1435,134,1961,0,1206000
4,4.0,1691,39814,1.0,0,0,3,1489,202,2012,1980,923000
2,2.5,2386,13237,2.0,0,4,3,2025,361,1904,1993,1049000
4,4.0,710,16649,1.0,0,0,3,426,284,1969,0,423000
3,3.0,2998,38713,1.5,0,0,3,2621,377,1962,0,927000
2,2.5,747,8927,1.5,0,3,3,579,168,1955,2006,806000
3,3.5,1833,46409,2.0,0,0,3,1745,88,1958,0,926000
4,3.0,1209,49766,2.0,0,1,4,1165,44,1962,0,848000
4,3.5,2325,47154,2.0,0,1,3,1336,989,2010,0,1090000
4,1.5,1620,8016,2.0,0,2,3,1489,131,1988,0,684000
3,1.0,2560,15027,2.0,0,4,3,1451,1109,1958,0,1161000
4,3.5,948,49688,1.0,0,4,3,678,270,1950,0,792000
2,3.5,2283,25142,2.0,0,0,1,1812,471,1949,1980,948000
3,1.5,2132,47520,2.0,0,2,2,1314,818,1903,1960,985000
5,2.0,2675,24545,3.0,0,1,4,2369,306,2003,2005,1229000
1,1.5,2721,32897,2.0,0,1,2,1506,1215,1947,0,808000
2,3.0,624,4167,1.5,0,0,4,400,224,1931,0,324000
2,1.5,4492,45757,1.0,0,1,5,3644,848,2019,0,1534000
1,1.5,2734,27917,2.0,0,4,3,2382,352,1950,0,1075000
2,1.0,1151,23736,2.0,1,3,3,1107,44,1951,0,1033000
3,1.5,4021,28990,2.0,0,0,3,3488,533,1998,0,1335000
3,4.0,1386,15087,2.0,0,0,4,1181,205,1973,0,584000
5,3.5,2078,23440,2.0,0,0,5,1511,567,1933,0,1084000
4,4.0,1049,36205,1.5,0,2,4,577,472,1935,1965,844000
3,1.0,2146,16275,2.0,0,1,2,1296,850,1969,1962,984000
3,2.25,687,6276,1.5,0,0,4,543,144,1942,0,312000
3,2.0,2647,42627,1.0,0,0,3,2260,387,2009,0,1082000
3,4.0,2344,41586,1.5,0,0,3,1729,615,1915,0,1012000
3,1.0,1522,38496,2.0,0,0,2,1337,185,1958,0,568000
4,3.0,2192,20008,1.0,0,3,3,1720,472,1952,0,988000
3,2.25,4246,6738,1.0,0,1,4,2477,1769,1918,0,1232000
3,1.0,2435,33402,2.5,0,0,3,1549,886,1997,0,1023000
3,1.0,2851,6793,1.0,0,0,3,2645,206,1988,0,972000
3,2.0,4251,38291,2.0,0,0,3,3724,527,1994,0,1535000
5,3.5,2578,6571,2.0,0,4,4,2455,123,2012,0,1302000
4,4.0,3307,32331,2.0,0,0,4,1993,1314,1940,0,1318000
2,3.0,4470,17209,2.0,0,0,3,4450,20,1980,0,1471000
4,2.5,2450,49014,1.0,0,0,2,1578,872,1946,0,1045000
3,4.0,3160,26394,2.0,0,1,3,1754,1406,1993,0,1190000
5,2.5,3354,44148,1.5,0,1,5,3350,4,2002,0,1349000
4,1.0,1999,26682,2.0,0,1,3,1352,647,1953,1995,926000
3,1.5,1096,3224,1.0,0,0,3,932,164,1954,0,592000
1,3.0,3923,42157,2.0,0,0,3,2469,1454,1994,0,1208000
3,2.25,1471,49695,1.0,0,0,3,1193,278,1918,0,780000
3,1.5,1130,45452,1.0,0,1,4,1081,49,1961,0,737000
4,1.5,1922,44408,1.0,0,0,3,1334,588,1998,0,787000
3,4.0,4453,33441,1.0,0,1,2,3792,661,1992,0,1548000
2,3.0,2506,42430,2.0,0,3,2,1590,916,1958,0,1093000
4,3.5,2553,40129,1.0,0,3,3,2121,432,1964,0,1152000
6,1.0,2646,35716,2.5,0,0,5,1855,791,1967,0,1173000
3,1.0,3514,45859,2.5,0,0,3,2266,1248,1927,0,1137000
2,1.0,3695,27586,2.0,0,0,4,2552,1143,1917,0,1158000
3,1.0,1253,45760,1.0,0,1,4,789,464,1925,0,684000
1,4.0,2858,24478,1.5,0,2,3,2731,127,2003,1983,1021000
5,2.5,2953,7318,2.0,0,0,2,2151,802,1918,1966,1091000
2,1.0,4203,29694,1.5,0,0,2,2775,1428,1954,0,1195000
3,2.5,2175,21180,1.0,0,2,4,1635,540,2018,0,1058000
3,2.5,3881,13180,2.0,0,3,3,2694,1187,1956,0,1449000
3,3.5,1187,34002,2.0,0,0,3,1050,137,1905,2002,673000
4,1.0,3340,16372,2.0,0,1,3,3296,44,1900,0,1062000
4,2.0,3916,30796,1.0,0,0,4,2925,991,1907,0,1148000
2,2.25,1559,25427,2.0,0,0,2,1461,98,1996,1962,670000
1,1.5,3528,34290,1.0,0,3,3,2838,690,1950,0,1176000
2,2.5,1190,29099,1.0,0,2,3,738,452,2006,0,608000
5,3.0,3389,46486,2.0,0,2,3,2917,472,1984,0,1500000
4,3.0,3934,10821,1.0,0,0,4,3072,862,1987,0,1354000
3,2.25,3209,6832,1.0,0,2,3,2704,505,1924,0,1101000
3,3.0,2411,13820,1.0,0,0,4,2291,120,1946,1968,963000
4,2.0,3406,17211,2.0,0,0,4,2548,858,1954,0,1217000
2,3.0,1755,40890,2.0,0,0,3,1676,79,1963,1986,898000
5,1.5,1235,6842,2.0,0,0,4,1096,139,2020,0,810000
3,1.5,2401,2316,2.0,0,2,3,1848,553,2006,1955,990000
3,2.5,3985,46968,1.0,0,1,2,3273,712,1982,0,1359000
3,1.0,737,18508,1.5,0,0,4,513,224,1992,0,537000
2,3.5,4190,23005,1.5,0,0,3,4159,31,2016,2004,1387000
2,2.0,4164,16206,1.0,0,0,3,3540,624,1909,0,1275000
4,2.5,2169,19971,2.0,0,0,3,1235,934,1955,0,1011000
2,2.0,2237,26599,2.5,0,1,5,1559,678,1911,0,930000
3,1.0,1534,23056,1.0,0,2,3,1273,261,1932,0,657000
3,4.0,1097,2378,1.0,0,0,2,631,466,2019,1996,714000
3,3.0,3322,2519,1.0,0,0,3,1862,1460,1970,0,1123000
3,3.0,3523,23161,1.0,0,1,4,2651,872,1916,0,1134000
3,3.5,1981,41703,2.5,0,2,4,1386,595,1960,2009,1110000
4,1.0,1425,39861,1.5,0,0,3,1064,361,1909,0,653000
3,2.5,1167,6355,1.5,0,0,4,779,388,1930,0,656000
3,3.5,3011,10083,2.0,0,1,3,1879,1132,1959,0,1151000
3,1.0,1915,39342,1.0,0,0,3,1647,268,1969,0,818000
4,2.25,1793,21456,2.0,0,0,4,1401,392,1916,0,815000
5,1.5,1452,14324,1.5,0,2,4,929,523,1949,0,660000
4,3.5,712,3257,2.0,0,1,4,493,219,1936,1969,560000
3,3.5,2524,28364,3.0,0,1,4,2060,464,1981,2011,1137000
2,2.5,3841,25972,2.0,0,2,2,2237,1604,1961,1989,1468000
3,2.0,819,47179,1.5,0,1,4,504,315,1989,1988,784000
3,2.25,1181,27654,2.0,0,0,3,688,493,2012,2001,890000
2,2.5,1455,16233,1.0,0,0,3,1332,123,2017,0,676000
3,1.0,4469,16887,1.0,0,0,3,3971,498,1979,0,1334000
3,1.0,4021,30320,1.0,0,0,3,3574,447,1971,0,1383000
3,1.0,3803,21808,1.0,0,1,3,3317,486,1987,2012,1283000
4,4.0,2564,31154,2.0,0,3,3,2182,382,1976,0,1136000
2,1.0,2191,35773,2.0,0,4,2,1675,516,1928,0,982000
2,2.0,4350,28747,2.5,0,1,3,3649,701,1931,0,1458000
4,2.25,754,11860,2.0,0,0,3,427,327,1987,0,506000
3,3.0,1131,43838,2.0,0,0,3,938,193,1979,0,765000
4,1.5,2129,43156,1.0,0,2,3,1916,213,1910,0,958000
3,2.0,1390,19156,1.0,0,1,4,1077,313,1995,0,781000
3,2.0,2386,21360,2.0,0,1,4,1696,690,1905,2011,1009000
4,4.0,1801,19135,1.5,0,2,4,1215,586,1934,0,918000
4,3.0,2269,26351,2.0,0,1,3,1904,365,1932,0,981000
4,3.0,2192,31499,1.0,0,2,4,1888,304,1917,2001,1043000
3,1.5,3193,48377,1.0,0,0,3,3007,186,1936,0,1117000
3,1.5,4471,24554,1.5,0,2,2,3147,1324,1912,0,1330000
3,3.0,2847,20604,1.0,0,3,3,2552,295,1973,0,1112000
2,1.0,1424,17923,1.0,0,0,4,1142,282,2000,1983,646000
5,2.0,2014,48591,2.0,0,1,3,1907,107,1989,0,1075000
2,2.5,4154,9547,1.0,0,0,2,3271,883,2009,0,1125000
5,1.5,2793,45283,2.0,0,4,2,2186,607,1980,0,1295000
3,4.0,1239,34002,1.0,0,0,4,1003,236,1963,1968,727000
