Age,Experience,Salary
59,35,160000
49,16,125535
35,11,96355
28,0,47562
41,19,137816
59,28,160000
39,19,129633
43,20,123327
31,0,42740
31,0,37288
44,20,128564
56,21,142942
60,34,160000
44,24,160000
23,0,25000
42,20,112130
22,0,49597
44,23,149500
50,22,145389
58,29,160000
22,0,35553
41,16,98783
53,24,148260
32,10,73074
42,15,117401
45,12,92385
47,20,118544
48,27,154343
36,1,49755
35,1,37685
23,0,26183
57,31,160000
27,6,65590
41,7,65667
29,0,32498
59,30,160000
38,17,95323
24,0,25000
45,25,140129
34,7,66739
29,9,79681
46,18,137404
22,0,45992
40,15,103081
48,13,99172
27,1,29620
28,0,37578
55,26,152986
34,8,77373
37,8,64623
56,34,160000
60,35,160000
24,0,35095
22,0,40521
26,0,45382
24,0,31585
49,20,131839
38,12,91851
46,18,120872
54,31,160000
30,0,38794
56,33,160000
34,14,116114
51,24,158161
35,0,66088
28,0,28592
34,0,50368
43,10,87250
60,29,160000
41,19,112450
36,10,72523
38,4,50907
44,13,72513
46,25,142791
45,24,135440
49,14,105755
35,9,82151
21,0,57864
45,20,139155
27,5,51527
29,1,31569
44,15,112303
21,0,25000
28,0,59778
44,12,107953
31,6,58420
37,8,53992
28,0,54046
55,30,160000
55,35,160000
53,30,153417
25,0,29557
59,34,160000
48,14,104164
27,2,40449
29,0,45624
28,0,25000
32,8,71091
54,34,160000
53,26,160000
43,19,131389
44,13,84504
57,26,138741
55,24,160000
60,35,160000
42,16,100918
47,24,160000
55,30,160000
21,0,49502
55,20,132060
57,34,160000
34,1,65164
23,0,33062
21,0,47009
25,0,44495
46,19,140324
34,11,74521
59,24,157683
47,15,120151
29,8,50645
35,4,42851
35,6,40979
46,13,95467
33,11,94361
52,32,160000
59,32,160000
52,18,141343
24,2,28239
50,19,104859
57,28,160000
43,17,119059
59,30,160000
35,11,61641
49,20,128081
56,32,160000
33,0,47586
52,26,159799
27,0,26171
42,14,95334
48,17,103489
22,0,34948
26,6,73762
48,19,112771
48,19,130649
40,20,119637
50,16,103186
31,10,79566
48,13,86977
45,12,87506
59,34,160000
53,18,145727
21,0,35773
47,20,120053
33,1,46318
23,0,34702
59,35,160000
26,0,44470
28,0,46890
47,21,126284
29,0,31240
57,23,141249
53,29,140727
44,19,105018
35,3,69252
52,26,160000
52,30,160000
44,13,104919
32,3,55535
59,24,160000
22,0,49135
23,0,34515
57,32,160000
37,9,59473
22,0,38142
22,0,26624
48,17,99133
43,19,115091
57,23,131571
52,32,160000
53,20,141130
21,0,35254
39,6,84609
22,0,36628
46,22,126165
52,21,152677
26,0,43567
52,23,130353
24,0,34116
31,0,28343
37,13,78956
58,32,160000
44,21,154513
25,5,40967
54,21,141856
26,0,29292
42,18,112454
31,5,52741
36,7,59632
53,24,147932
29,4,44979
26,2,48745
36,13,94597
49,28,159883
23,0,25159
40,6,60279
56,27,160000
39,10,89661
46,24,133169
23,0,37242
39,4,67467
40,20,105967
52,25,157720
27,3,42099
53,21,141597
60,35,160000
59,24,127791
38,11,67969
60,25,154577
21,0,38467
31,10,69998
48,28,160000
45,14,82612
43,8,75857
51,16,98518
50,20,121678
55,32,160000
27,0,27125
36,5,56985
46,25,160000
22,0,28777
21,0,45378
32,12,76044
25,5,64108
57,25,160000
52,30,142540
29,0,28587
55,31,160000
39,8,72813
36,14,103854
23,3,41402
40,20,127039
44,17,112932
53,24,160000
44,14,105253
31,0,42901
28,0,32857
56,24,142549
58,27,156509
60,26,160000
40,7,66348
55,34,160000
45,13,123255
55,33,160000
45,24,140638
49,27,160000
38,12,86803
38,18,92443
22,0,25000
55,28,142400
36,4,53182
56,27,160000
53,24,160000
24,0,40323
53,20,127921
34,13,104453
41,19,95616
40,12,95227
28,2,55450
27,4,36507
23,0,49775
37,13,99612
53,32,160000
32,0,46793
42,12,120348
42,10,86882
50,23,145079
58,35,160000
58,30,160000
28,4,64564
47,15,97177
47,19,125109
54,31,160000
41,12,98498
50,26,158704
53,25,160000
48,21,126880
53,18,118912
25,3,37605
39,19,116118
24,2,49328
55,20,140334
37,14,88684
48,27,160000
50,30,160000
49,23,146711
26,0,59622
55,28,155565
57,31,160000
44,11,68255
49,14,121903
