Level,Salary
1,16203
2,2788
3,25072
4,49771
5,8840
6,12025
7,60734
8,44007
9,16849
10,46114
11,25132
12,29447
13,51722
14,2637
15,12358
16,46656
17,40846
18,79704
19,55057
20,48592
21,126920
22,91252
23,105445
24,75244
25,104609
26,128600
27,104916
28,151206
29,135183
30,151558
31,152727
32,223269
33,186093
34,169734
35,226770
36,186000
37,232346
38,189028
39,216006
40,265622
41,290953
42,288873
43,294103
44,302184
45,285781
46,318099
47,338252
48,390194
49,386682
50,348674
51,415845
52,413447
53,421824
54,470057
55,496906
56,511131
57,483941
58,514621
59,548425
60,582689
61,564845
62,591079
63,587332
64,604734
65,674982
66,708989
67,694084
68,742166
69,747706
70,744522
71,792071
72,844277
73,828129
74,891749
75,811163
76,921644
77,928134
78,943768
79,979250
80,953411
81,1024186
82,1065620
83,1121095
84,1099090
85,1120181
86,1156647
87,1221327
88,1236368
89,1245074
90,1301782
91,1322476
92,1375835
93,1366110
94,1407990
95,1439379
96,1446077
97,1524038
98,1557622
99,1586177
100,1615635
101,1622066
102,1683388
103,1722297
104,1748278
105,1802287
106,1854920
107,1930993
108,1927746
109,1969890
110,2002189
111,1997213
112,2086188
113,2130564
114,2233390
115,2210297
116,2266491
117,2302484
118,2319091
119,2422393
120,2458698
121,2506319
122,2511022
123,2616612
124,2594857
125,2693515
126,2783128
127,2753712
128,2815016
129,2882955
130,2919763
131,2946068
132,3039636
133,3065058
134,3157757
135,3177846
136,3295109
137,3292928
138,3361228
139,3447013
140,3453928
141,3549043
142,3635327
143,3622392
144,3727767
145,3790866
146,3865780
147,3877829
148,3938914
149,4048805
150,4107675
151,4171670
152,4239896
153,4280732
154,4370712
155,4440083
156,4483430
157,4617151
158,4652257
159,4681226
160,4798714
161,4829923
162,4946658
163,5029341
164,5053962
165,5173378
166,5235142
167,5321621
168,5425457
169,5449595
170,5515307
171,5591063
172,5672791
173,5771882
174,5863702
175,5944199
176,6040816
177,6104068
178,6224442
179,6266605
180,6427104
181,6461384
182,6511723
183,6594561
184,6722349
185,6794432
186,6908381
187,6993658
188,7072089
189,7145613
190,7222579
191,7343751
192,7471588
193,7551599
194,7611978
195,7745136
196,7848938
197,7916524
198,8042599
199,8141170
200,8212926
201,8353060
202,8461584
203,8578926
204,8683320
205,8728502
206,8846313
207,8990300
208,9098786
209,9208192
210,9401868
211,9430919
212,9557000
213,9665293
214,9771434
215,9861850
216,10004167
217,10082217
218,10212847
219,10324753
220,10457947
221,10633675
222,10649935
223,10835483
224,10900625
225,11052670
226,11216131
227,11315868
228,11413590
229,11549846
230,11712840
231,11806641
232,11960294
233,12086940
234,12201367
235,12404055
236,12500049
237,12568266
238,12759201
239,12874596
240,13050011
241,13147409
242,13303840
243,13459789
244,13610235
245,13700986
246,13866012
247,14006864
248,14147752
249,14354558
250,14467875
251,14574551
252,14778341
253,14958771
254,15082857
255,15171397
256,15350623
257,15548764
258,15654780
259,15839969
260,16005666
261,16121581
262,16302752
263,16383729
264,16600710
265,16782605
266,16921368
267,17158065
268,17247244
269,17438794
270,17620919
271,17822598
272,17920650
273,18156673
274,18299969
275,18448369
276,18658729
277,18827505
278,18983958
279,19178232
280,19345467
281,19537645
282,19732166
283,19937168
284,20049582
285,20317970
286,20401069
287,20632417
288,20838378
289,21019273
290,21186383
291,21387576
292,21572413
293,21763097
294,21993301
295,22176357
296,22346622
297,22584095
298,22768098
299,22980701
300,23177241
