Age,EstimatedSalary,Purchased
56,74871,0
46,47174,0
32,125155,0
60,86853,1
25,79046,0
38,64678,0
56,41649,0
36,142795,0
40,103668,0
28,104906,0
28,111019,1
41,93002,0
53,43803,0
57,45795,0
41,23770,0
20,26093,0
39,146265,0
19,115311,0
41,32569,0
47,26190,1
55,77824,0
19,57070,0
38,55197,0
50,17261,0
29,101795,0
39,43933,1
42,55583,0
44,127082,1
59,100371,1
45,126032,1
33,57604,0
32,110074,0
20,88869,0
54,20410,0
24,98375,0
38,111055,0
26,101716,0
56,69245,1
35,58056,0
21,73557,0
42,32543,0
31,111038,0
26,18828,0
43,131656,1
19,32087,0
37,46337,0
45,80333,0
24,85448,0
25,19648,0
52,145576,0
31,48623,0
34,50634,0
53,129598,0
57,64334,1
21,83648,0
19,37054,0
23,85028,0
59,37207,0
21,96554,0
46,98276,0
35,67781,0
43,76035,0
51,23210,0
27,59363,0
53,93279,1
31,149393,0
48,96348,1
32,128816,0
25,138053,1
31,81262,0
40,149832,0
57,82411,0
38,38377,0
33,53211,1
35,18744,0
41,39995,0
43,49542,0
42,25651,0
58,114239,1
46,93931,0
32,117112,0
18,31715,0
42,76350,0
24,86425,0
26,101120,1
41,129889,1
18,89637,0
25,85194,0
41,91917,0
28,79200,0
34,120848,1
25,121022,0
52,75058,0
52,77068,0
50,114932,0
22,37785,0
59,109475,1
56,17282,1
58,82534,1
45,89964,1
24,134006,0
26,65583,0
25,53392,0
29,22461,0
51,115123,1
50,25516,0
40,136251,1
41,77493,0
54,51027,1
52,108547,1
57,115127,1
39,94003,0
44,54758,0
52,69312,0
18,83670,0
52,97279,1
54,30434,0
31,90769,0
20,81677,0
18,98555,0
22,143379,0
43,116665,0
31,83803,0
56,106703,1
44,36312,0
26,132961,0
32,55379,0
32,32297,0
43,17011,0
59,135234,1
30,59014,0
49,109333,0
56,26120,0
49,37852,0
21,94239,0
47,147001,0
54,106575,1
40,110040,0
56,20744,1
32,57359,0
60,113746,1
46,135906,1
53,22597,0
30,62093,1
49,129650,0
24,135956,0
39,130598,1
45,148241,1
19,23036,0
59,46778,0
23,33800,0
45,40372,0
45,76516,1
37,35538,0
47,78918,0
28,86155,0
45,74500,1
42,125659,0
56,42716,1
50,149308,1
18,17352,0
44,148004,1
30,91449,0
58,23556,1
20,101836,1
56,65098,1
23,127169,0
25,141060,1
44,145544,0
26,15340,0
54,97302,0
50,15138,0
59,146430,1
41,134619,0
32,100376,1
49,114931,1
49,96532,1
41,70778,0
58,52772,1
29,73478,0
56,41762,0
19,70568,0
20,100090,0
54,35219,0
34,72169,0
19,89965,0
19,99754,0
45,92988,0
40,147379,0
54,95388,1
49,105768,1
50,50428,0
18,107021,0
36,133418,1
19,147212,0
43,41421,0
49,16708,0
23,149702,0
49,91021,0
21,59789,0
28,41086,0
34,31859,0
55,22684,0
41,106088,0
22,147279,0
51,61099,1
23,81093,0
39,63651,0
28,28893,1
33,81418,0
50,140074,1
26,118065,0
23,145351,0
33,53635,0
46,110071,0
20,93518,0
37,121233,0
53,118651,0
36,87805,0
43,137813,0
20,94063,0
36,17454,0
37,35878,0
49,83344,0
24,119946,0
58,51593,1
50,51304,1
57,128613,1
56,33354,1
35,37190,0
57,21142,0
18,56862,0
28,140438,0
45,63456,0
42,115167,1
40,97035,0
48,23016,1
47,17384,0
59,117239,1
52,126431,1
24,95018,0
33,55510,0
43,36826,0
19,83026,0
18,136668,0
29,39045,0
22,105102,0
54,66919,0
49,114441,0
26,133325,0
58,34337,0
52,92949,0
36,15276,0
33,66151,0
20,67887,0
37,96442,1
41,64847,0
50,73653,1
41,71622,0
28,42810,0
25,92842,0
53,137225,1
55,25503,0
57,99761,0
37,141439,1
52,26590,0
42,81624,0
52,135356,0
42,57727,0
46,93471,0
35,23068,0
35,131923,0
19,26390,0
52,121752,1
33,109754,0
58,90969,0
53,92064,1
50,36281,0
21,69189,0
50,63511,0
31,137115,0
38,23605,0
37,115318,1
25,147453,0
24,34810,0
20,56869,0
34,47955,0
50,76388,1
29,25207,0
39,37031,0
39,95807,0
47,86312,0
55,74766,1
55,104833,1
25,126041,1
44,131185,1
44,25350,0
51,115859,1
38,83487,0
47,138853,1
50,68117,1
45,116084,0
50,38782,0
22,43454,0
36,82904,0
21,144936,0
52,137258,1
34,126668,0
45,139184,1
47,31566,0
46,53333,0
23,136929,0
52,104571,1
58,135263,0
54,147661,1
41,40235,0
46,15159,0
48,119859,1
52,122507,0
50,29743,0
38,61101,1
49,136534,0
40,99227,0
50,86126,1
20,71071,0
35,89763,0
42,61154,0
59,22016,0
48,104678,0
20,127056,0
57,69238,1
41,73608,0
49,104081,1
39,65961,0
40,41917,0
19,42990,0
44,77551,0
59,95811,0
19,70103,0
43,121122,0
34,34008,0
57,47402,0
50,128550,0
26,106218,0
60,148296,1
56,135779,1
46,144714,0
59,47441,1
43,77368,0
52,107122,1
42,59760,0
41,38478,0
30,142881,0
24,86854,0
53,109230,0
37,100716,1
18,113538,0
25,30372,0
33,44796,0
31,113826,1
29,135592,1
40,108635,0
32,126022,0
45,69040,0
51,90357,0
19,93356,0
49,31211,0
40,120426,0
39,20842,0
42,81852,0
39,140737,0
39,60968,0
59,32508,0
23,69575,0
32,81914,0
60,82055,1
54,102697,1
50,121239,0
25,138106,0
22,20355,0
56,69120,1
21,53342,0
23,17257,0
49,42364,0
47,126715,1
52,41654,1
57,96423,1
33,44320,0
30,35808,0
59,67389,0
47,133581,1
36,142927,0
34,49773,0
36,91396,1
45,122692,1
43,72505,0
54,100896,1
43,33135,0
40,105887,1
26,137118,0
29,62377,1
18,77491,0
18,73283,0
51,31923,1
49,62591,0
42,77261,1
57,69336,0
18,89083,0
33,75948,1
56,41672,0
22,19213,0
39,77507,0
46,72134,0
20,148172,0
29,43172,0
43,35132,1
33,33199,0
54,51609,0
39,46881,0
46,39472,0
31,69131,1
45,27828,0
22,111664,0
47,147473,1
22,30193,0
29,117518,0
33,34611,0
43,91240,0
43,17745,0
38,70243,0
56,18866,1
53,143681,0
50,86354,0
47,66374,1
54,129397,1
40,139577,0
27,96029,0
22,108574,0
53,45431,1
51,44336,0
48,55992,1
27,70350,0
36,84561,0
49,66955,1
18,76240,0
22,61607,0
21,67870,0
33,79110,0
41,131895,1
33,19426,0
19,42606,0
45,43151,0
49,26308,0
44,105306,1
37,121984,0
41,17204,1
29,107769,0
52,102265,1
50,46131,0
50,67428,0
60,48870,1
54,118547,0
29,64067,0
20,127217,0
18,113934,0
50,89707,1
57,76215,0
27,64429,0
60,97152,1
46,123048,1
30,92240,0
29,128688,0
48,61473,1
19,111762,0
52,121956,1
40,133452,0
34,141311,0
43,22006,0
25,89218,1
46,47430,0
43,38091,0
27,38989,0
43,90451,1
51,33990,0
58,105270,1
24,95360,0
21,51081,0
28,123272,0
46,31241,1
53,139932,0
42,20939,0
38,128000,0
53,50063,1
27,62118,0
54,99703,0
26,143557,0
41,42076,1
52,59605,0
52,99565,0
53,54121,1
35,46433,0
56,58309,1
49,82468,1
41,82293,1
40,111258,0
49,53405,1
54,58527,0
29,92227,0
30,146564,0
40,108344,0
42,62153,0
52,123042,1
58,69110,0
47,43328,0
34,127911,1
37,27867,0
42,74234,0
39,40851,0
30,46279,0
36,88402,0
53,30449,0
29,91221,0
58,104080,0
36,20451,0
29,102178,0
26,78761,0
24,53870,0
45,111566,1
31,138749,0
48,138765,1
36,139881,1
33,143389,0
22,40372,0
52,18642,0
29,49064,0
42,29122,1
38,83431,1
53,70745,1
40,65081,0
33,91253,0
56,51191,1
59,25211,1
56,126086,1
31,116971,0
48,108783,0
22,140681,0
52,102893,0
40,92960,0
46,99388,1
60,37601,0
28,34710,0
35,123714,0
29,143727,0
26,78227,0
27,99289,0
34,20722,0
55,96050,0
24,98596,0
30,81732,0
57,83323,0
59,38816,0
26,55695,1
44,70841,0
19,143498,0
22,122096,0
46,107764,1
54,100744,0
55,43482,1
36,24171,0
25,115755,0
18,123125,0
39,145722,0
34,121082,1
24,18696,0
42,141310,1
21,34149,0
53,145064,1
23,68521,0
48,60740,1
36,121611,1
56,81641,1
44,78811,1
27,78232,0
43,30417,0
36,127492,0
56,45099,0
20,133474,0
30,24256,0
45,49681,0
37,106328,0
45,58361,0
25,49540,0
58,99700,1
56,93532,1
18,142626,0
20,148943,0
30,61002,0
45,64812,0
42,123946,0
50,81668,1
55,114003,1
23,57998,0
49,119601,1
38,22812,0
33,76844,0
38,148251,0
28,89601,0
54,62857,0
53,140555,1
52,35700,0
36,108330,0
37,78353,0
35,115772,0
58,106502,1
31,128943,0
32,124850,0
48,60095,1
18,30523,0
20,77433,0
33,34991,0
40,25775,0
28,99995,0
29,137808,0
27,22415,0
49,52044,0
33,64976,0
25,18832,0
55,49148,0
29,127230,0
41,100076,0
45,53402,0
25,53578,0
45,105453,0
53,90715,0
43,126435,0
25,110742,0
45,60475,0
45,75142,0
54,108526,1
58,66001,1
53,72649,1
44,40711,0
34,45106,0
26,80458,0
50,145429,1
37,116754,0
30,141479,0
45,43884,0
46,17708,0
30,33375,0
52,30088,0
23,72615,0
35,125138,0
22,25014,0
42,149345,0
19,117842,0
27,93077,0
47,67874,0
22,84087,0
50,27297,0
18,42128,0
35,83368,1
49,93958,1
28,47920,0
38,148872,1
43,148682,0
42,92603,0
39,48872,0
44,25728,0
30,110102,0
50,137049,1
51,35583,1
58,100774,1
52,141374,1
18,106118,0
38,80942,0
23,28689,0
45,48276,1
34,116968,0
22,28050,0
48,81216,0
22,99040,0
55,36644,0
20,77021,0
40,57291,1
54,147610,1
54,56520,1
27,40675,0
27,15174,0
36,107268,0
34,49998,0
38,120410,0
31,90225,0
26,59814,0
18,100091,0
30,65719,0
21,144887,0
18,48919,0
57,88155,0
49,86569,0
51,56328,0
45,39618,0
48,49675,0
25,33919,0
56,19173,0
43,124369,1
51,41400,1
20,85305,0
29,103791,0
18,85533,0
22,118591,0
47,146060,1
47,54194,0
34,124903,1
40,146461,1
32,114303,0
54,128903,1
38,82391,0
31,73002,0
19,50531,0
28,19986,0
56,47298,1
55,16481,0
51,71408,0
55,136950,1
51,140355,1
35,42798,0
47,106649,0
32,79887,0
44,34477,0
51,142815,1
55,142426,1
50,39335,0
41,101610,0
32,26442,0
47,61289,0
59,68747,1
34,52327,0
22,87827,0
46,121464,0
21,146184,0
27,102051,0
34,74722,0
27,107036,0
34,81960,0
37,34552,0
41,15887,0
22,46802,0
51,100024,0
23,133639,0
19,133248,0
30,96938,0
60,137746,1
60,41049,1
28,92789,0
40,99526,0
33,61220,1
48,61163,0
28,149837,0
33,132126,0
25,96486,0
21,90277,0
57,119245,1
21,137332,0
42,37931,0
20,104116,0
49,70633,0
20,66913,0
44,109776,1
46,40991,0
49,119092,0
36,110556,0
38,77875,0
22,77120,0
35,148060,0
45,125041,1
59,143467,0
39,133490,1
38,141155,0
23,43230,0
18,74778,0
22,60833,0
58,37625,0
29,47088,1
43,118937,1
51,91361,1
31,103229,0
43,105265,0
44,112718,1
26,75710,0
43,109876,0
39,45949,0
47,83136,0
60,126541,1
34,76842,0
43,41990,0
53,45109,0
18,145356,0
25,143133,0
52,16306,0
32,18849,0
39,27360,0
31,126072,1
43,109767,0
45,69330,1
40,66707,0
31,33689,0
41,44084,1
19,55387,0
43,89816,0
31,17642,0
24,57137,0
20,77260,0
40,63442,0
60,118061,1
35,149066,0
55,140844,1
52,114575,0
32,16813,0
42,108027,0
54,138489,0
45,99381,0
27,70276,0
56,56243,0
34,75272,0
56,80618,1
39,16920,0
43,121121,0
42,91872,0
34,96132,0
30,17093,1
37,27905,0
42,136759,0
21,45981,0
27,88903,0
20,85821,0
58,124200,0
35,97289,0
53,131506,0
39,93513,0
51,65516,0
25,84212,0
57,148498,1
36,145970,0
59,105009,1
58,59816,1
54,19138,0
23,106176,0
43,90945,0
51,19017,0
23,25451,0
54,108863,0
50,25278,0
39,58764,1
38,138030,1
23,147206,0
23,77943,0
21,110667,0
47,69318,0
28,118423,0
47,118998,0
48,75128,0
41,36869,0
26,20039,0
20,127935,0
48,25442,0
57,88788,1
54,134729,1
53,42586,0
41,68053,0
48,101346,1
23,82087,0
19,49397,0
37,73671,0
45,131214,0
28,81897,0
21,29924,0
32,128143,0
23,125253,0
47,115297,1
55,15869,0
19,112088,0
32,16014,0
28,25103,0
25,125317,0
43,97409,0
22,38248,0
23,23024,0
43,100947,0
21,106829,0
36,107708,0
37,101664,0
50,100178,0
37,116121,0
29,35025,0
18,78610,0
43,85843,0
31,122237,0
55,145299,1
54,20668,0
28,88233,0
53,96982,0
30,121133,0
60,25751,1
20,61218,0
50,141649,1
23,22352,1
27,103835,1
22,112493,0
40,43927,0
27,116948,0
19,44493,0
30,46707,0
57,50842,0
19,28261,0
37,91709,0
18,110985,0
54,121616,1
26,82173,0
34,46781,0
26,28652,0
28,20103,0
32,40500,0
41,115336,0
55,128499,1
52,64393,0
47,62406,0
48,78059,0
22,97722,0
31,27356,0
28,143128,0
26,17187,0
51,92243,0
29,50098,0
52,149678,0
52,72620,1
18,141270,0
57,29387,1
39,84463,0
46,148663,1
25,106683,0
28,77061,0
58,96257,1
54,76753,0
31,99774,0
47,38408,0
52,139116,0
38,146208,1
54,32413,0
22,128650,0
36,74500,0
31,99514,0
43,71358,0
21,81197,0
42,91240,0
59,31322,0
42,128053,0
35,21968,0
57,42518,0
25,66925,1
56,126900,1
57,108422,0
31,16700,0
49,108782,1
55,38199,1
50,20520,0
40,124814,0
32,138364,0
50,29955,0
42,79925,0
34,122216,0
50,85269,1
19,56458,0
31,104037,0
57,114977,1
57,58939,1
56,44345,0
23,125107,0
23,136866,0
20,84166,0
24,112406,0
25,64298,0
59,59942,1
32,18453,0
46,117811,1
50,69935,1
47,137439,1
56,23328,0
44,30534,0
53,100280,0
46,51320,0
55,64170,1
50,115546,0
54,95201,1
44,23640,0
50,147992,1
21,58937,0
39,85463,1
19,108500,0
27,52158,0
22,99607,0
27,134639,0
50,86696,0
55,76510,1
30,135076,1
48,73692,0
53,145841,1
41,30810,0
32,126718,0
46,105932,1
25,15192,0
22,51413,0
46,54082,0
21,80048,0
29,138130,0
19,65940,0
44,55142,0
48,51468,0
53,144048,1
53,57056,1
43,66831,1
60,74191,0
44,136948,1
22,123117,0
37,29671,0
28,42048,0
27,40963,0
57,58954,0
55,110430,1
23,15717,0
25,26676,0
40,133696,1
43,145830,1
60,19994,0
29,19234,0
43,84300,0
30,58949,0
57,52405,1
35,49872,0
42,57215,0
50,38185,0
57,56153,1
60,92535,1
29,148653,1
53,66717,0
21,17763,0
22,107910,0
54,70480,0
25,133094,0
59,26064,0
45,91848,1
48,52548,0
26,21476,0
46,105101,0
31,17382,0
57,94698,1
58,60095,0
39,144974,1
28,42197,0
40,142619,0
18,37010,0
54,102923,1
38,148962,0
43,145526,0
53,124162,0
40,135927,0
18,23026,0
57,79925,1
32,83842,1
38,48665,0
26,24277,0
26,63008,0
27,29683,0
43,146742,0
58,93542,1
52,69319,0
42,107067,1
43,83975,0
28,116158,0
55,26577,0
19,92299,0
24,35176,0
35,78972,0
44,135018,1
51,34996,1
44,115922,0
34,101598,0
60,50931,1
41,139168,0
42,138099,0
24,49693,0
23,123944,0
41,32374,0
50,96471,1
46,60913,0
60,138683,1
39,59516,0
43,102796,0
45,41069,0
38,133333,1
24,99811,0
34,133028,0
37,54178,0
58,47821,0
37,31999,0
39,53712,0
45,48722,0
57,25625,0
24,21859,0
18,125986,0
49,36839,0
30,42216,0
47,67953,0
40,64522,0
36,126249,0
49,22485,1
47,127701,0
46,117638,0
46,27226,0
47,108405,1
33,37588,0
57,52019,1
36,80133,0
35,129444,1
18,132603,0
31,143585,0
19,58395,0
45,140814,1
47,127599,1
55,40939,1
21,15203,0
18,44063,0
25,105880,0
46,18748,0
56,132269,1
20,95764,0
49,123036,1
27,131525,0
27,100679,0
36,140829,0
51,143216,1
50,148175,0
40,80901,0
45,113046,0
49,105012,0
24,93278,0
46,27391,0
25,117476,0
18,135721,0
20,112537,0
41,96159,0
40,146040,0
25,50503,0
54,90403,1
20,79286,0
50,89842,1
45,119927,0
25,29908,0
51,52228,1
52,38386,0
49,43302,1
41,75815,0
31,78344,0
49,126603,1
60,76114,0
33,40525,0
21,94818,1
54,129589,1
38,109715,1
31,21644,0
48,116154,0
35,58469,0
24,121609,0
27,80206,0
24,111462,0
50,98178,0
40,101724,0
38,111393,0
36,142314,1
36,91312,0
53,90324,1
46,86196,1
35,85014,1
19,48340,1
18,54850,0
22,128711,0
37,26094,1
28,102959,0
59,20741,0
19,126585,0
20,137564,0
40,83798,0
29,131026,0
37,125130,0
22,37164,0
54,45257,0
55,110989,0
47,67691,0
26,94768,0
51,29026,0
52,45908,0
39,34610,0
41,78185,0
34,87567,0
27,51182,0
47,131136,1
40,146642,0
49,34288,0
34,93824,0
34,99425,0
31,15917,0
26,90602,0
57,79575,1
19,87518,0
42,54104,0
56,31999,0
26,76169,0
39,144744,1
60,125684,0
21,74821,0
43,27192,0
46,89102,0
51,129894,1
40,101795,0
54,81677,1
28,149327,0
23,117412,0
35,34404,0
38,131545,0
59,38989,0
53,123106,0
58,39519,1
55,37439,0
51,133570,1
34,29995,1
54,38559,1
42,104049,1
55,113000,1
29,54350,0
40,40517,0
59,104132,1
39,74546,0
38,120686,0
44,103151,1
48,18327,0
23,135318,0
44,130945,1
57,61830,0
51,67446,0
29,84341,0
24,46085,0
27,70571,0
34,143308,0
43,20750,0
38,128931,1
45,93768,0
19,50903,0
60,106036,1
18,102954,0
53,98014,0
43,132305,1
46,47101,0
38,17775,0
28,126497,1
57,60619,1
28,72124,0
53,80149,0
56,41616,0
57,76799,0
52,105221,1
51,129879,1
41,40479,0
39,114165,1
22,70863,0
50,97569,0
53,31351,0
37,59825,0
36,26349,0
52,59254,0
60,53225,0
34,27453,0
60,92694,1
51,30735,0
26,62893,0
43,142006,0
19,60066,0
26,149445,0
26,25692,0
57,60541,0
34,81983,0
18,135747,0
42,100103,0
60,40566,1
57,88193,1
59,136015,1
42,145956,0
56,85744,0
52,48455,1
20,69219,0
54,60991,1
47,88616,0
55,102438,1
51,131841,1
29,73870,1
36,101694,0
54,58856,0
34,116407,1
27,46379,0
29,79729,0
33,69353,0
41,29031,0
36,80982,0
25,51683,0
48,129091,1
38,132797,0
34,21587,0
40,77790,0
54,46480,0
33,38569,0
23,26151,0
25,59739,0
42,47954,1
35,124373,0
42,49700,0
29,138728,0
32,81788,0
43,86045,0
58,142992,1
43,95059,0
49,16881,1
27,147702,1
33,35789,0
24,141083,0
34,103059,0
40,61151,0
43,124388,1
38,18262,0
39,81981,0
24,135951,0
31,138099,0
32,96972,0
24,90485,0
26,69722,0
25,104499,1
40,21901,0
46,132473,1
35,23597,0
48,144631,1
47,78909,0
56,87391,1
52,78293,1
35,26874,0
59,101402,1
56,29079,0
34,87779,0
31,110408,0
48,135606,1
41,135062,1
52,27100,0
51,72021,1
20,143126,0
54,107446,1
60,44437,1
57,35862,1
43,26669,0
40,136219,1
56,30916,0
32,25878,0
21,17985,0
46,56235,1
39,33931,0
42,107876,0
30,15336,0
35,57933,0
50,60536,0
33,84504,1
59,114214,1
19,128936,0
52,31279,0
59,118751,1
51,119433,1
47,86386,0
30,101124,0
30,120750,0
35,92485,0
49,89055,1
49,106911,1
52,113618,0
56,128892,1
46,86128,0
46,67495,0
33,97806,0
27,108185,0
47,64649,0
42,110402,0
56,45676,1
37,79093,0
22,94414,0
18,108095,0
47,87307,0
20,110432,0
31,46923,0
47,132449,0
21,62574,0
35,136757,1
54,68664,0
42,82384,0
18,46027,0
32,49485,0
26,50554,0
32,61922,0
41,28409,0
21,51639,0
29,34692,0
54,104037,0
54,33074,0
60,44963,1
23,67265,0
56,31061,0
41,128502,1
28,37800,0
30,131192,0
51,122228,0
42,43054,0
24,28233,0
21,80727,0
25,105610,0
37,85453,0
46,119135,0
27,123464,0
60,28682,0
51,73160,0
43,38666,0
58,73817,1
20,106198,0
23,56830,0
22,25234,0
22,72616,0
40,24221,0
26,16051,0
52,125529,1
37,91918,0
59,93116,1
52,137226,0
35,59757,1
34,136008,1
41,146379,0
20,71889,0
49,50944,0
52,114555,1
55,53134,1
30,40954,0
42,104959,1
26,19992,0
21,16961,0
31,27497,0
54,28255,0
51,63847,1
28,35389,0
58,138802,1
20,76576,0
45,58919,0
46,18358,1
26,103535,0
20,120982,1
42,20698,0
51,81809,0
29,108079,0
59,70805,1
26,90033,0
32,113239,0
57,145407,0
42,59041,0
22,46954,0
28,23002,0
51,84783,0
41,122524,0
32,139857,0
55,34738,0
25,25703,0
22,128776,0
43,59724,1
35,47299,0
23,30641,0
54,94534,0
30,21305,0
45,33782,1
22,93257,0
30,92963,0
34,136987,0
57,139591,1
49,82766,0
46,21511,0
20,129816,0
57,19765,0
51,38929,0
57,126576,1
44,86088,1
30,92525,0
50,28780,1
23,21589,0
41,108664,0
36,119188,0
33,108326,0
57,55953,1
45,80785,1
50,34309,0
58,69195,1
30,40901,0
60,40464,0
42,31260,0
59,139997,1
53,50440,0
44,110082,0
55,120583,1
24,71683,0
22,139206,0
60,148059,0
48,93484,1
40,83309,1
59,60927,0
27,57946,0
49,141503,1
60,68592,1
47,48776,0
56,149855,1
48,70798,0
35,85204,0
53,101207,1
19,115356,0
31,75652,0
30,144572,0
46,35922,1
29,91996,0
56,45266,0
19,17866,0
49,127669,0
30,20898,1
44,33395,1
58,19006,0
34,25956,0
57,110676,0
48,136724,0
51,77901,0
41,122227,1
52,132192,1
23,46417,0
36,103020,0
47,98639,1
24,109881,0
27,147659,1
58,136688,1
49,130584,0
51,101567,1
45,90886,0
32,44432,0
47,87373,1
54,35884,0
46,20454,0
39,89960,0
21,117421,0
37,58618,0
49,62111,0
53,135592,1
21,74993,0
44,143652,1
34,93672,0
29,81125,0
39,132509,1
34,76602,0
27,57222,0
18,64223,0
39,80333,0
43,137650,0
35,64420,0
31,90504,0
46,17462,0
29,24460,0
53,114319,1
52,144593,0
29,137672,0
24,87920,0
46,37553,0
28,59036,0
50,85021,0
23,122205,0
32,103209,0
49,90139,0
28,20368,0
40,73829,0
43,144036,1
51,29719,0
51,44227,1
46,124430,0
21,27306,0
34,68822,0
52,39042,1
30,104424,0
58,33019,1
56,90426,1
32,55863,0
46,126023,1
46,61999,0
28,77780,1
49,37908,1
19,141278,0
31,128002,0
37,115706,0
39,137019,0
28,124708,0
44,24343,0
20,91173,0
34,115260,0
45,84443,0
46,72530,0
38,111143,0
33,129527,1
54,126362,1
37,43807,0
23,74550,0
36,18558,0
22,65113,0
20,67999,0
18,73219,0
55,68218,1
32,34229,0
51,90209,0
52,42877,0
42,112137,1
41,53084,0
29,96780,0
35,52034,0
32,70468,0
33,25589,0
44,72221,0
25,16657,0
42,113300,0
34,132229,0
46,54531,0
25,67227,0
32,18164,0
44,108078,0
24,56247,0
20,65599,0
46,83207,0
41,87055,0
20,117266,0
37,93270,0
32,126426,0
42,149794,0
47,85442,0
31,110632,1
24,36438,0
34,73819,0
37,58856,0
53,56938,0
26,74807,0
55,64877,0
39,58461,0
19,108474,0
41,98136,0
25,35435,0
28,99726,0
30,69786,0
34,28704,0
25,71635,0
38,148195,0
35,105710,0
47,77993,1
35,127752,0
48,147886,0
55,93537,1
49,65258,0
28,100166,0
42,128710,0
50,50699,0
55,61335,1
58,61806,1
25,92853,0
28,50739,0
39,49785,1
41,100016,0
58,147681,1
34,81253,0
29,106128,0
49,142581,0
32,125966,1
33,114352,0
39,92154,0
45,123297,0
37,53346,0
50,127138,1
27,65772,1
57,55149,0
49,101700,1
50,111758,1
19,143447,0
50,20695,1
50,54169,0
58,62947,1
30,60865,0
47,119501,0
50,75410,0
30,118754,0
43,105895,1
39,65705,0
56,130700,1
19,88914,0
55,16881,1
56,62365,0
43,94211,0
32,56198,0
51,115649,0
59,54553,0
57,137778,1
28,132018,0
20,47766,0
23,47006,0
26,46422,0
23,131590,0
26,27205,0
56,131477,1
48,43202,0
49,76692,0
58,35855,0
29,40095,0
25,64241,0
25,118119,0
45,67003,0
37,109837,0
24,109283,0
28,138805,0
37,108846,0
33,37927,0
21,135589,0
23,130657,0
39,81630,0
43,119428,1
20,137035,0
58,141244,1
59,84518,0
31,96326,1
28,135243,0
35,27748,1
29,149164,0
40,68311,0
29,37692,0
30,139954,0
42,145035,0
36,94507,0
53,95152,0
25,19926,0
46,18969,0
49,50733,0
35,84855,1
23,56743,0
35,145193,0
36,122445,0
39,35323,0
54,31428,1
49,49578,0
58,101486,1
20,79140,0
45,122325,0
27,98829,0
52,21364,0
46,143867,1
32,146763,0
50,110598,1
24,72062,0
29,103302,0
47,78928,0
38,56347,0
48,18121,1
41,98793,0
37,43164,0
54,40491,1
21,74222,0
45,18748,0
37,41553,0
41,131547,0
49,75380,0
58,59331,1
53,135617,0
51,54560,0
53,68865,0
19,90910,0
32,92986,0
51,25068,0
53,69460,0
23,115766,0
56,61418,0
59,41206,1
29,143180,1
20,15287,0
35,37337,0
57,147233,1
38,115667,0
32,105071,0
50,113064,0
52,121511,1
43,18178,0
25,46831,0
53,148248,1
47,118306,1
40,127025,0
59,105417,1
31,26984,0
31,104312,0
19,98291,0
54,22135,0
22,15320,0
55,103774,1
58,113071,1
31,124863,0
56,56777,0
42,61250,1
37,88034,0
19,119940,0
56,55130,0
23,148609,0
34,30216,0
42,99149,0
45,18009,0
19,104904,0
52,30029,0
54,117171,1
22,129456,0
18,77559,0
57,79892,1
29,85409,0
53,48065,1
40,135544,0
48,122340,1
28,48783,0
27,49152,0
20,73741,0
31,122049,0
33,44092,0
27,101483,0
46,136585,1
27,74754,0
29,102592,0
47,109543,1
58,58169,0
18,69745,0
22,125168,0
37,128985,0
25,20543,0
60,36067,1
29,66033,0
18,60256,0
37,101803,0
45,133843,0
60,43992,0
54,63803,0
54,124975,0
29,41270,0
54,22452,0
45,56486,0
32,29859,0
23,47083,0
37,82708,0
31,126462,0
19,108076,0
26,34053,0
54,104745,0
37,84517,0
43,94267,0
46,95077,0
18,91623,0
52,146004,1
23,68687,0
54,83312,0
22,122615,0
50,145976,1
31,42564,0
29,43835,0
59,22697,1
37,95165,0
41,72823,0
60,24615,0
51,145499,1
42,91436,1
46,135562,0
56,86117,1
48,49782,0
60,93533,1
40,87684,0
55,94558,1
37,96422,0
40,21638,0
33,52419,0
59,48377,1
25,121244,0
38,38382,0
18,82789,0
25,125634,0
46,146936,0
49,114572,0
55,138664,1
22,125674,0
39,118533,0
51,96845,0
18,84590,0
43,142775,1
60,81471,1
27,58298,0
47,63924,0
35,24726,0
34,55542,0
43,49753,0
25,94788,1
57,36316,1
29,99698,0
44,30960,0
25,45791,0
42,40216,0
21,79427,1
50,127470,1
18,88290,0
36,62014,1
48,65519,0
33,19042,0
31,64052,0
22,29389,0
58,110961,1
43,83111,0
45,120058,0
19,108715,0
23,65733,0
26,49754,0
50,100886,0
58,104524,0
42,96006,0
30,39704,1
26,109913,0
30,109108,0
48,22493,0
58,84639,0
28,69383,0
21,149066,0
51,62234,1
55,143674,0
21,20594,0
55,22371,0
36,62315,0
23,142251,0
51,94526,1
35,101005,1
30,120573,0
58,72514,0
40,90986,1
36,100959,0
28,17035,0
18,124767,0
41,32241,0
24,67975,0
42,71396,0
38,133920,0
32,101226,0
18,99719,0
29,78014,0
24,54346,0
32,85411,0
38,91441,1
36,61121,0
46,75197,0
42,99577,1
50,109634,0
49,115211,1
52,16466,0
55,45771,0
43,98886,1
28,80911,0
52,103422,1
25,88369,0
31,16893,0
27,45573,0
19,111907,0
26,114956,0
20,133580,0
38,106404,1
43,72724,0
25,101133,0
19,30989,0
23,43931,0
45,24290,0
46,136136,1
43,94878,0
42,105477,0
29,141299,0
22,120686,0
51,122286,0
54,55475,0
32,97666,0
53,111622,0
32,122573,0
60,61546,0
40,22008,0
23,63291,0
60,51386,1
38,105909,0
40,48040,0
60,75354,0
33,93543,1
32,33157,0
42,50315,0
53,50932,1
28,128880,0
32,147018,0
21,29693,0
38,42241,0
30,130194,0
39,110790,1
36,87255,0
51,26350,1
31,71809,0
21,116894,1
44,112557,0
46,46728,1
45,32576,0
52,98384,1
25,15390,0
33,60436,0
59,26569,0
53,37490,1
47,60875,1
35,20867,0
19,95820,0
30,114515,1
21,24121,0
43,16539,0
42,142402,1
47,89229,1
28,65435,0
24,78965,0
48,126048,1
27,111444,0
56,84922,0
30,112799,0
48,108948,1
24,23947,0
59,63785,0
59,134963,1
53,15507,0
37,26618,0
21,89286,0
24,31122,0
18,124598,0
59,101436,1
30,43633,0
39,39495,0
38,79550,1
39,51483,0
45,128181,1
26,49069,0
43,134873,1
26,131843,0
32,86947,0
27,110761,0
41,128753,0
59,146764,1
25,43926,0
41,114782,1
33,119700,0
43,88984,0
44,64593,0
54,90609,0
21,20209,0
41,141700,0
36,101597,1
53,22211,0
56,24927,0
27,132333,0
42,91382,1
35,118780,1
36,55696,0
53,82616,0
27,65013,0
50,64556,0
22,138723,0
52,41140,0
51,16184,1
50,126361,0
38,20606,0
34,31555,0
39,105385,0
54,73502,0
32,118844,1
52,106321,0
45,64056,0
24,113234,0
49,56850,1
28,42843,0
27,77320,0
26,44793,1
31,34627,0
30,76822,0
42,70798,0
19,90318,0
52,119186,1
24,102902,0
38,86334,1
35,121719,0
20,138099,0
59,27720,1
56,72608,0
58,122449,0
28,117828,0
56,141613,1
41,87095,0
36,120924,0
21,111452,0
43,102593,0
55,121975,1
59,92242,0
49,131041,1
56,141202,1
53,92606,1
57,138769,1
54,133542,1
50,121438,1
53,15924,0
20,66322,0
26,86042,0
25,61418,0
50,115699,0
23,105140,0
58,26781,0
56,132358,1
21,51133,0
30,112628,0
19,91946,0
22,100058,0
44,58129,0
49,23531,1
38,52038,0
25,102939,0
55,57674,1
25,142572,0
20,44831,0
20,72174,0
39,26279,1
23,75610,0
19,68051,0
40,71652,1
19,80524,0
55,21470,1
34,68473,0
52,59439,0
51,29308,0
40,106563,0
47,50081,1
25,24837,0
39,133128,1
53,127651,1
22,112624,0
30,45063,1
46,84453,0
48,117166,1
33,29506,0
59,128604,1
47,41026,1
33,67413,0
29,80066,0
34,65971,0
33,128978,1
29,65494,0
25,118864,0
37,147151,0
20,110386,0
33,101126,0
47,95863,1
40,93291,1
45,140659,1
57,22235,0
22,97733,0
37,77712,0
57,140849,1
18,94823,0
47,119215,1
38,47230,0
37,99573,0
23,55644,0
39,60203,0
35,81677,0
25,138246,0
56,99817,1
49,84806,0
50,57814,0
33,85219,0
29,110345,0
55,115088,0
51,84322,1
31,36650,0
53,109242,0
50,53196,0
40,44709,0
19,95428,0
58,24943,1
38,36042,0
19,58894,0
44,71759,1
26,120973,0
18,59306,0
28,123369,1
20,43379,0
40,135667,0
43,149034,0
21,132626,0
35,140180,1
23,67349,0
52,20730,0
39,34023,0
60,141796,1
32,96533,0
39,98286,0
54,56979,0
59,37837,0
29,119975,0
59,35923,1
55,23876,0
35,75973,1
52,148959,1
47,57422,0
41,66413,0
59,117484,1
47,148913,0
31,43756,0
23,86576,0
20,133248,0
33,25304,0
24,45341,0
31,142039,0
26,147447,1
32,114485,0
38,37092,0
52,146562,1
19,18729,0
44,133222,1
19,100216,0
52,98860,0
35,111870,0
31,36398,0
37,49650,0
35,118889,0
27,18159,0
42,113162,0
19,117834,1
42,36638,0
50,16073,0
53,44320,0
48,49924,0
31,83116,0
18,17159,0
33,63940,0
20,94436,0
52,29678,0
58,82163,1
23,66137,0
42,76497,0
30,115485,0
51,120468,0
25,15901,0
38,102980,0
51,122594,0
21,17881,0
42,44863,0
32,147450,0
21,60201,0
29,74251,0
49,87572,1
49,54255,1
45,78212,0
30,65210,0
48,140629,1
31,37499,0
37,117552,0
35,76360,0
46,142466,1
23,100473,0
49,106873,0
46,80756,1
60,71344,0
19,86154,0
40,42464,0
36,136897,0
48,52344,1
22,98791,0
36,147534,1
51,135209,1
27,96441,0
42,105456,0
19,96788,0
28,29175,0
48,98434,1
32,99518,1
26,81537,0
40,130721,0
36,62645,0
26,38283,0
52,101971,0
38,107759,0
26,117780,0
45,45734,0
24,15515,0
33,125782,0
33,81727,1
50,124164,1
21,61216,0
21,86833,0
56,73755,0
57,42856,1
34,88870,0
54,22987,0
56,111502,0
46,149404,1
53,81323,1
55,24873,1
56,120219,1
54,20033,0
52,88324,1
24,30689,0
44,124756,1
45,15066,0
39,129159,1
31,22533,0
24,130828,0
54,74658,0
39,53498,0
22,124028,0
19,26772,0
44,104385,0
38,27940,0
55,133027,0
32,31932,0
38,39648,0
27,47966,0
40,57598,0
56,76084,1
22,146250,1
18,32118,0
30,37616,0
38,146870,0
43,22601,0
38,40363,0
35,17795,0
54,112462,1
49,117892,0
53,87833,1
34,18084,0
52,110865,0
28,15731,0
38,147201,1
43,16605,1
21,92506,0
51,59130,1
35,83469,0
57,105436,0
52,127341,0
58,146965,1
46,114694,0
46,34773,0
55,19239,1
59,35863,1
38,66415,0
59,83968,1
30,75430,0
58,16515,1
34,112206,1
26,71240,0
58,20586,0
18,135419,0
19,137374,0
46,46186,0
50,41928,0
27,137990,0
57,102029,1
38,35711,0
45,69962,0
28,35039,0
51,51561,0
25,16577,0
39,122792,0
25,25785,0
32,87227,0
34,133680,0
40,76957,0
41,80431,0
36,86894,0
22,70192,0
49,16462,0
18,143848,0
40,91106,0
54,63665,0
25,96010,0
30,87573,0
25,122803,0
40,134682,1
60,28386,0
18,139069,0
41,69460,0
52,130375,0
41,127660,0
34,106319,0
22,131582,0
37,57771,0
38,67335,0
57,67949,1
48,110558,1
53,117272,0
28,17716,0
32,86916,0
36,65906,0
24,15463,0
45,89694,0
60,83694,1
22,35008,0
22,85474,0
47,53185,1
49,102924,1
25,49980,0
27,37504,0
55,69970,0
49,31766,0
45,131944,0
34,108922,0
48,135494,1
25,23802,0
57,49159,0
42,26516,0
26,65492,0
19,44086,0
32,128758,0
20,45480,0
53,143023,1
21,125195,0
31,53737,0
58,24265,0
58,129165,1
42,134501,0
27,85990,0
38,30386,0
53,119718,1
29,52425,0
44,136635,1
57,68634,1
19,101988,0
30,121337,0
49,82443,0
48,44424,1
33,103844,0
49,56984,0
49,56505,0
51,117478,1
28,77699,0
27,129012,0
32,49758,0
34,31374,0
57,133686,0
35,18775,0
26,42388,0
42,138800,0
57,36029,0
31,98981,0
42,68639,0
39,129010,1
47,46105,0
37,141519,0
38,117739,1
49,66796,1
38,30804,0
52,142732,1
49,22951,0
47,34065,0
56,116503,1
29,120072,0
58,104360,1
35,77287,0
38,122357,0
30,44670,0
38,64112,0
25,103388,0
57,104156,0
24,62922,0
40,108348,0
49,94335,0
28,41312,0
39,81985,1
39,145744,1
60,115963,0
42,46551,0
39,104813,1
45,116025,0
46,139342,0
30,24637,0
35,58258,0
19,144553,0
46,41950,0
38,142870,1
32,15215,0
44,120603,0
48,26523,0
32,83689,0
40,38834,0
41,49474,1
30,58066,0
39,25400,0
60,140211,1
54,25345,0
50,48896,0
20,43899,0
36,43229,0
40,20583,0
46,86537,0
47,89807,0
56,144648,1
42,127652,0
54,86792,0
25,146300,0
59,52052,1
33,61032,0
25,48686,0
18,91981,0
22,113802,0
20,148881,0
18,57818,0
21,115422,0
57,86927,1
52,94465,1
49,128221,1
59,52333,0
51,141457,1
60,31576,0
42,134875,1
27,54405,0
38,109000,0
56,46601,1
44,82946,0
44,67116,1
19,119186,0
58,77894,1
30,22465,0
26,71754,0
53,107850,1
39,124765,0
59,107691,0
43,53871,0
29,44511,0
34,95960,0
31,80776,0
31,59462,0
51,47574,0
37,117072,0
28,93282,0
33,124779,0
48,33557,1
23,87104,0
36,137013,1
54,56081,1
21,134181,0
21,42094,0
37,81766,1
27,98053,0
41,16301,0
52,96463,1
43,39466,0
54,41081,1
55,39354,1
38,108297,0
57,33300,1
56,79384,0
38,110027,0
27,136684,0
55,75892,0
21,50525,0
37,21464,1
34,31562,0
24,122392,0
21,70514,0
46,128428,1
31,127564,1
20,123047,0
41,47634,0
54,15060,0
33,24269,0
21,38065,0
41,17895,0
51,95859,0
47,119127,0
35,111426,1
36,26962,0
48,48302,0
36,100382,0
36,19011,0
39,144716,1
41,34782,0
29,135654,1
47,24196,0
55,58459,0
48,102245,0
53,93863,0
36,138206,1
53,116010,1
47,47769,0
50,122529,0
35,39700,0
45,20269,0
28,136631,0
50,58880,1
34,129003,0
23,64589,0
21,50897,0
37,29380,0
44,85934,1
32,70830,0
23,20529,0
31,109598,0
28,97987,0
56,64178,1
26,136952,0
43,54886,0
33,64699,0
22,91396,0
27,105678,0
20,40279,0
30,125776,1
60,116444,1
47,121300,0
23,128793,1
34,131278,0
36,118247,0
59,23997,0
52,121102,0
43,100711,1
22,131045,0
46,55860,0
54,18225,0
37,125114,0
38,128218,1
27,115764,0
22,122041,0
53,127224,0
23,78656,0
43,91290,0
21,71633,0
56,41655,0
56,136118,0
52,18114,0
18,41502,0
41,64768,1
53,63128,1
23,98123,0
58,123255,0
48,18174,0
37,132769,0
41,50398,0
42,138549,0
53,87635,1
38,38760,1
47,145674,1
41,29130,0
59,122215,0
47,103095,1
39,75942,1
45,113970,0
24,97203,0
52,103177,0
45,87902,0
31,107172,0
27,35056,0
33,70739,0
33,96685,0
48,63639,1
59,15992,1
42,87394,0
30,82657,0
23,42160,0
26,60156,0
53,101442,0
60,132925,1
37,19136,0
35,76868,1
60,97263,1
38,47167,0
21,125957,0
50,30479,0
44,134392,0
24,34585,0
23,41619,0
32,90069,0
35,54895,0
49,18720,0
28,34267,0
37,68364,0
41,66567,0
32,106229,0
24,93518,0
38,97844,0
59,105697,1
43,72196,0
31,130600,0
54,115625,1
38,146567,0
35,59755,0
22,48324,1
20,93929,0
40,147624,1
43,66272,0
54,89462,1
41,69675,0
36,88591,0
42,47363,0
38,92004,0
29,55718,0
58,128627,1
50,41870,0
21,52394,0
59,67057,1
24,94795,0
39,95409,0
50,28016,0
34,57137,0
41,146225,1
51,27379,0
45,136169,0
60,141082,1
58,128089,1
56,26049,0
39,146858,0
34,137784,1
51,62691,0
23,72986,0
23,109774,0
51,120315,1
18,72204,0
27,35085,0
38,48980,0
22,71117,0
19,30896,0
39,104353,0
19,44813,0
27,80679,1
51,18228,0
33,26397,0
56,52011,1
39,94183,0
29,108254,0
41,57317,0
57,117489,0
55,55096,0
27,68785,0
52,67344,1
49,135382,0
24,125489,0
38,26549,0
37,40739,0
43,36209,0
21,122051,0
39,30116,0
32,35045,0
57,50709,0
38,58617,0
32,134779,0
39,57919,0
45,98521,0
31,21447,0
44,20499,0
58,54041,1
57,46315,0
45,147371,1
43,135506,1
19,106647,0
42,47355,0
20,88805,0
25,83367,0
50,124906,0
59,132409,1
52,92355,0
23,131220,0
56,102173,1
40,16996,0
42,59387,0
60,18089,1
36,113827,0
22,35659,0
28,60178,0
29,110965,0
27,96268,0
25,100042,0
41,121471,0
45,85111,1
58,115435,1
53,104242,0
54,128204,0
38,32199,0
25,75038,0
26,72786,0
32,124636,0
57,64294,1
35,15534,0
59,106828,1
37,51132,0
23,130720,0
29,51110,0
19,78580,0
24,79016,0
33,61233,0
20,144863,0
20,121311,0
44,49409,1
60,39054,1
57,44709,0
55,124321,1
50,15363,0
45,25358,0
18,149312,0
25,60689,0
54,16936,1
49,127272,0
60,106074,1
54,15882,0
21,120227,0
47,140865,0
23,138745,1
36,43885,0
49,149275,1
26,148316,0
29,113322,0
28,83619,0
33,36584,0
18,23521,0
38,48541,0
47,44063,0
30,85268,1
51,141218,1
21,133206,0
45,148639,1
55,147746,1
48,91411,0
44,124876,0
22,38331,0
42,38004,0
20,134243,0
50,78217,0
21,104044,0
42,24045,0
37,35116,0
51,33667,0
43,90057,0
22,89205,0
52,42302,0
45,87534,0
46,28440,0
26,126001,0
55,61501,0
23,147341,0
36,22868,0
28,92909,0
19,99523,0
26,30734,0
38,98600,0
41,23433,0
51,118986,0
39,78753,0
20,128783,0
29,36751,0
45,63570,0
47,39503,1
43,148851,1
38,101840,1
45,146827,0
43,54263,0
50,123491,1
38,70087,1
52,66482,0
51,137989,1
58,55115,1
35,29249,0
28,125361,0
40,39600,0
39,52706,0
34,34222,0
22,114041,0
28,119504,0
47,56139,0
32,129919,0
44,56302,1
52,102838,0
50,93353,1
37,103992,0
33,66428,0
51,38777,0
19,72939,0
52,101450,0
57,38548,0
45,140549,0
56,46625,1
23,39918,0
26,129826,0
37,129881,0
18,30577,0
25,100155,0
40,126776,1
20,114246,0
21,109948,0
42,36341,0
55,112554,0
32,122798,0
38,61330,0
52,102759,1
31,101807,1
53,48313,0
29,61900,0
34,93840,0
56,101072,1
26,111367,0
52,64156,1
30,102453,1
32,40938,0
35,74164,0
50,75282,1
23,62801,0
44,18326,0
40,149731,1
44,130819,0
51,19763,0
55,62588,0
31,26221,0
53,28569,0
25,52860,0
52,60337,1
36,86695,0
47,121749,0
31,58790,0
37,83580,1
42,20636,0
57,92129,1
41,148964,0
31,36672,0
43,20812,0
55,15654,1
40,69633,0
39,32143,1
36,70934,0
20,82334,0
59,118463,1
36,140851,1
26,44087,0
45,23446,0
37,117127,0
24,63867,0
31,75101,0
26,103074,0
36,133422,1
31,102892,0
55,135044,1
53,54148,0
57,97928,0
34,66660,0
47,50450,0
26,48757,0
50,93012,0
42,121750,1
31,142043,1
28,71116,0
52,47152,0
58,121379,1
31,35836,0
47,84444,1
58,108109,1
21,97018,0
21,138076,0
45,146949,0
25,98788,0
19,111870,0
58,98308,1
39,72913,0
58,17637,0
33,57025,0
46,114508,0
47,97464,1
29,43742,0
52,26831,1
28,128768,1
38,100092,0
38,105879,0
22,103370,0
37,141537,1
54,119824,1
20,103741,0
50,33830,0
26,70044,0
26,88948,0
21,84202,0
52,52045,0
34,122509,0
51,30198,0
41,84521,1
