Age,Salary,Experience
50,160000,31.4
36,143446,18.3
29,97618,9.3
42,160000,22.3
40,149199,21.1
44,160000,25.7
32,113983,14.4
32,120438,15.8
45,160000,28.0
57,160000,38.8
45,160000,27.0
24,66909,4.8
43,160000,25.0
23,74447,4.7
45,160000,27.4
51,160000,32.0
59,160000,41.6
23,66376,6.8
42,160000,23.9
54,160000,36.5
33,120851,15.8
43,160000,24.5
46,160000,28.3
48,160000,30.0
49,160000,31.1
37,156407,18.1
36,136496,18.0
24,72534,6.6
58,160000,41.7
28,96027,11.2
42,160000,26.6
30,118874,11.1
39,153100,22.0
25,84642,7.2
46,160000,30.6
35,138801,16.0
30,124679,11.0
47,160000,28.3
23,57040,2.5
41,160000,22.4
49,160000,30.1
28,113737,10.2
29,108943,11.4
56,160000,40.3
35,142541,18.1
38,154684,19.3
57,160000,37.9
25,88732,7.6
23,74047,3.4
27,111279,11.2
25,99528,8.4
50,160000,31.4
39,143059,18.9
47,160000,30.6
55,160000,36.9
31,111856,14.5
57,160000,37.1
35,126617,16.3
52,160000,34.0
36,149287,18.1
29,101824,10.5
35,136235,17.7
44,160000,24.7
42,160000,23.8
37,149007,19.1
39,160000,21.6
45,160000,27.9
47,160000,27.7
46,160000,26.2
50,160000,33.5
36,138870,18.4
22,65192,3.1
46,160000,29.9
28,99206,10.1
30,109485,13.4
45,160000,27.1
22,86226,6.5
29,102395,13.1
45,160000,26.7
32,116689,15.2
38,160000,20.8
29,96073,12.6
56,160000,36.8
56,160000,38.8
54,160000,37.3
26,77621,5.9
49,160000,29.6
28,103110,7.6
30,93832,11.7
29,87390,11.9
33,134000,16.8
55,160000,37.1
54,160000,38.0
44,160000,24.3
45,160000,25.0
58,160000,39.9
56,160000,38.5
43,160000,25.0
48,160000,27.5
56,160000,37.9
22,75576,2.4
56,160000,38.8
58,160000,40.4
35,122399,15.9
24,73893,5.4
22,63208,2.7
26,84529,7.9
47,160000,30.1
35,117222,15.8
48,160000,30.6
30,104182,11.4
36,143297,17.0
36,140493,17.9
47,160000,27.8
34,129703,15.3
53,160000,33.6
53,160000,37.4
25,93198,7.0
51,160000,32.2
58,160000,40.3
44,160000,25.9
36,148981,17.7
50,160000,32.7
57,160000,39.9
34,124939,15.4
53,160000,34.3
28,97029,9.7
43,156151,22.2
49,160000,29.2
23,72873,6.6
27,96707,11.0
49,160000,30.7
49,160000,31.7
41,144577,23.4
51,160000,36.7
32,129524,15.3
49,160000,30.8
46,160000,26.9
54,160000,34.1
22,67034,4.2
48,160000,29.1
34,110814,14.3
24,86219,5.2
27,94098,7.7
29,108822,13.0
48,160000,31.1
30,109171,12.0
58,160000,41.8
54,160000,36.1
45,160000,26.0
36,137046,19.8
53,160000,35.6
53,160000,33.8
45,160000,26.8
33,113225,13.9
23,69427,3.3
24,93315,7.1
58,160000,42.0
38,141567,18.3
23,69141,5.7
23,74275,4.2
49,160000,30.4
44,160000,25.3
58,160000,39.0
53,160000,35.1
54,160000,35.0
22,79058,4.3
40,159660,21.9
23,88080,4.7
47,160000,27.9
53,160000,34.3
27,97562,9.9
53,160000,35.6
25,72747,5.8
32,115297,14.1
38,155585,20.9
59,160000,39.0
45,160000,27.7
26,83433,7.2
55,160000,37.7
27,103004,8.1
43,160000,22.8
32,109523,12.0
37,144540,19.1
54,160000,36.3
30,94086,10.9
27,93272,9.8
37,120517,17.0
50,160000,31.9
24,76001,4.5
41,156033,22.2
57,160000,39.1
40,143781,21.0
47,160000,28.5
24,83748,7.2
40,160000,21.3
41,160000,24.0
53,160000,33.6
28,108889,10.6
54,160000,37.7
39,139233,18.0
22,69911,3.0
32,126085,14.7
49,160000,30.8
46,160000,28.4
44,160000,25.3
52,160000,34.1
51,160000,32.8
56,160000,39.4
28,100676,10.3
37,140102,19.4
47,160000,28.5
23,68963,4.4
22,74468,3.5
33,129421,15.5
26,81750,7.5
58,160000,40.3
53,160000,37.5
30,121365,13.0
56,160000,37.6
40,160000,23.4
37,131483,18.5
24,55715,3.6
41,160000,21.8
45,160000,24.8
54,160000,35.6
45,160000,27.0
32,130055,16.0
29,104633,11.4
57,160000,38.7
59,160000,42.0
41,147963,20.3
56,160000,38.3
46,160000,28.9
56,160000,36.2
46,160000,29.4
50,160000,32.4
39,148231,20.5
39,153926,21.8
23,100692,7.7
56,160000,38.2
37,148015,19.3
57,160000,38.4
54,160000,35.0
25,83898,8.0
54,160000,35.0
35,132711,17.1
42,160000,23.4
41,160000,23.6
29,104422,11.4
28,108467,11.2
24,73594,5.4
38,147608,19.7
54,160000,34.8
33,128389,14.5
43,160000,25.5
43,160000,25.9
51,160000,31.9
59,160000,42.0
59,160000,42.0
29,113820,11.5
48,160000,32.3
48,160000,29.1
55,160000,35.5
42,154478,21.9
51,160000,34.8
54,160000,36.8
49,160000,30.9
54,160000,36.3
26,85333,6.6
40,160000,24.9
25,85842,7.2
56,160000,38.1
38,151490,20.9
49,160000,31.6
51,160000,33.3
50,160000,31.1
27,104710,9.6
56,160000,40.3
58,160000,41.6
45,160000,28.9
50,160000,31.4
52,160000,32.8
56,160000,37.8
54,160000,36.1
42,160000,25.3
53,160000,33.0
44,160000,27.8
54,160000,35.8
24,78555,5.5
39,146185,19.8
46,160000,26.0
52,160000,35.0
24,66785,6.1
45,160000,25.5
53,160000,33.4
43,160000,24.6
44,160000,28.0
23,69165,4.7
48,160000,28.2
23,68969,4.7
47,160000,28.7
38,125442,16.8
54,160000,35.9
30,119693,11.7
50,160000,32.8
47,160000,31.2
56,160000,39.4
46,160000,27.7
45,160000,25.7
34,154777,19.1
28,106203,10.1
57,160000,39.0
41,160000,23.0
22,75785,4.2
29,98699,10.8
37,118915,18.3
35,149433,16.3
33,110889,15.0
44,160000,25.3
36,142912,17.1
49,160000,31.1
55,160000,36.7
23,84053,6.8
53,160000,31.8
44,160000,27.3
43,160000,26.5
46,160000,25.5
43,160000,24.6
43,160000,24.6
27,78551,7.3
36,131834,17.1
58,160000,38.7
54,160000,38.1
29,98517,12.1
26,83919,9.5
25,87209,7.9
27,98052,7.6
53,160000,34.4
51,160000,33.6
56,160000,36.5
37,154877,19.9
34,118189,15.7
51,160000,32.6
40,160000,22.9
38,142069,20.5
40,157616,21.6
49,160000,32.4
47,160000,27.7
58,160000,40.7
47,160000,29.7
44,160000,25.6
30,108913,12.4
33,121096,13.5
22,73123,5.1
22,77355,3.8
55,160000,36.4
53,160000,36.3
46,160000,27.2
22,64078,2.3
37,135535,17.1
26,90285,8.7
43,160000,23.5
50,160000,34.1
24,54378,3.5
33,145971,17.0
47,160000,29.3
37,136790,18.9
58,160000,39.3
43,160000,25.5
50,160000,32.0
35,148966,18.3
49,160000,31.1
26,90211,8.2
51,160000,32.6
26,104814,7.9
33,114285,15.4
37,136913,16.9
47,160000,27.4
47,160000,29.9
42,160000,24.2
57,160000,38.8
54,160000,36.0
51,160000,33.4
58,160000,39.4
44,160000,25.1
31,108601,13.2
26,70317,6.8
57,160000,39.5
55,160000,35.0
52,160000,35.2
31,128952,13.6
40,160000,22.3
53,160000,36.2
22,79836,6.0
26,105881,9.2
25,69437,4.8
37,135070,17.5
45,160000,26.3
37,134475,19.0
23,68701,5.6
49,160000,30.1
53,160000,35.2
48,160000,29.1
41,160000,22.3
45,160000,25.3
33,120892,13.9
56,160000,36.4
54,160000,34.8
54,160000,37.3
58,160000,38.9
33,125858,18.2
24,93537,6.6
22,71002,4.2
54,160000,35.0
31,115386,13.8
50,160000,31.3
34,128866,16.1
33,140299,18.1
52,160000,33.9
23,79020,6.4
56,160000,37.2
44,160000,26.0
38,149337,22.1
47,160000,28.2
29,122047,13.2
50,160000,32.8
47,160000,28.3
31,106575,13.8
47,160000,30.2
55,160000,37.7
28,90425,8.1
25,97834,6.1
32,119683,13.7
50,160000,31.9
57,160000,39.7
46,160000,28.2
42,160000,22.4
57,160000,39.5
31,123572,13.7
58,160000,40.7
30,101545,13.3
45,160000,28.0
56,160000,38.6
56,160000,37.9
57,160000,37.0
39,158703,21.5
53,160000,35.2
45,160000,27.3
44,160000,24.5
53,160000,33.7
58,160000,41.3
33,130512,15.0
34,128693,16.8
44,160000,26.0
46,160000,28.0
56,160000,39.1
51,160000,32.4
38,147133,20.1
41,154556,22.4
46,160000,27.5
43,160000,24.6
34,129300,16.3
40,155802,21.4
57,160000,40.5
33,122115,13.9
40,157347,21.8
33,127551,14.5
30,126357,13.7
28,102781,10.2
49,160000,32.2
35,114189,15.2
52,160000,34.3
40,160000,23.1
37,138339,19.1
26,90871,9.3
56,160000,37.4
33,134342,16.7
46,160000,30.8
42,160000,23.6
57,160000,38.5
44,160000,27.7
37,143096,20.9
35,129155,16.4
52,160000,33.5
26,90839,7.7
56,160000,36.4
44,160000,24.9
50,160000,30.8
32,126491,13.1
39,154564,21.0
33,121095,15.3
30,110166,13.9
31,104889,11.8
38,149940,21.2
59,160000,40.7
28,98145,9.9
34,131186,16.8
30,105654,10.7
48,160000,30.5
